git_commit,rustc_version,command,seed,timestamp,input_count,component_count,input_model,unsupported_input_features,instance_name,family,parameters,component_id,status,message,exact_cover_compared,cell_count,boundary_complexity,hole_count,reflex_vertex_count,horizontal_chord_count,vertical_chord_count,total_chord_count,explicit_conflict_edge_count,edge_density_numerator,edge_density_denominator,biclique_count,biclique_total_vertex_occurrences,biclique_size_per_chord_numerator,biclique_size_per_chord_denominator,biclique_size_per_edge_numerator,biclique_size_per_edge_denominator,c0_network_vertex_count,c0_network_arc_count,compressed_network_vertex_count,compressed_network_arc_count,maximum_matching_size,minimum_vertex_cover_size,output_rectangle_count,c0_phase_microseconds,compressed_phase_microseconds,peak_memory_bytes
32faff61bc4577ab50010e5d253afe83f7655d83,rustc 1.89.0 (29483883e 2025-08-04),target/release/rect-cli benchmark --suite adversarial --output results/adversarial.csv,,1784914987,17,19,finite-colored-unit-cell-grid,ornaments;isolated-formal-boundary-points;line-segment-holes;point-holes;degenerate-formal-holes;general-polygon-input,endpoint-dense-tabs,endpoint-contact,"{""min_horizontal"":2,""min_vertical"":2}",1,verified,,true,29,20,0,8,4,4,8,12,12,16,7,18,18,8,18,12,22,32,17,26,4,4,5,"{""biclique_partition"":12,""boundary_effective_chords"":13,""compressed_flow"":8,""dominance_embedding"":10,""geometric_completion"":12}","{""biclique_partition"":12,""boundary_effective_chords"":11,""compressed_flow"":3,""dominance_embedding"":2,""geometric_completion"":8}",
32faff61bc4577ab50010e5d253afe83f7655d83,rustc 1.89.0 (29483883e 2025-08-04),target/release/rect-cli benchmark --suite adversarial --output results/adversarial.csv,,1784914987,17,19,finite-colored-unit-cell-grid,ornaments;isolated-formal-boundary-points;line-segment-holes;point-holes;degenerate-formal-holes;general-polygon-input,endpoint-near-identical-minus-one-cell,endpoint-contact,"{""min_horizontal"":2,""min_vertical"":2}",1,verified,,true,28,16,0,6,3,2,5,4,4,6,1,4,4,5,4,4,11,13,8,9,2,2,4,"{""biclique_partition"":2,""boundary_effective_chords"":10,""compressed_flow"":1,""dominance_embedding"":1,""geometric_completion"":9}","{""biclique_partition"":3,""boundary_effective_chords"":16,""compressed_flow"":1,""dominance_embedding"":0,""geometric_completion"":9}",
32faff61bc4577ab50010e5d253afe83f7655d83,rustc 1.89.0 (29483883e 2025-08-04),target/release/rect-cli benchmark --suite adversarial --output results/adversarial.csv,,1784914987,17,19,finite-colored-unit-cell-grid,ornaments;isolated-formal-boundary-points;line-segment-holes;point-holes;degenerate-formal-holes;general-polygon-input,one-hole-ring,topology,"{""holes"":1}",0,verified,,true,24,8,1,4,0,0,0,0,,,0,0,,,,,2,0,2,0,0,0,4,"{""biclique_partition"":0,""boundary_effective_chords"":14,""compressed_flow"":0,""dominance_embedding"":0,""geometric_completion"":11}","{""biclique_partition"":0,""boundary_effective_chords"":11,""compressed_flow"":0,""dominance_embedding"":0,""geometric_completion"":9}",
32faff61bc4577ab50010e5d253afe83f7655d83,rustc 1.89.0 (29483883e 2025-08-04),target/release/rect-cli benchmark --suite adversarial --output results/adversarial.csv,,1784914987,17,19,finite-colored-unit-cell-grid,ornaments;isolated-formal-boundary-points;line-segment-holes;point-holes;degenerate-formal-holes;general-polygon-input,multiple-separated-holes,topology,"{""holes"":2}",0,verified,,false,65,12,2,8,2,0,2,0,,,0,0,0,2,,,4,2,4,2,0,0,5,"{""biclique_partition"":0,""boundary_effective_chords"":19,""compressed_flow"":0,""dominance_embedding"":0,""geometric_completion"":28}","{""biclique_partition"":0,""boundary_effective_chords"":19,""compressed_flow"":0,""dominance_embedding"":0,""geometric_completion"":23}",
32faff61bc4577ab50010e5d253afe83f7655d83,rustc 1.89.0 (29483883e 2025-08-04),target/release/rect-cli benchmark --suite adversarial --output results/adversarial.csv,,1784914987,17,19,finite-colored-unit-cell-grid,ornaments;isolated-formal-boundary-points;line-segment-holes;point-holes;degenerate-formal-holes;general-polygon-input,nested-looking-bridged-rings,topology,{},0,verified,,false,82,16,1,8,2,0,2,0,,,0,0,0,2,,,4,2,4,2,0,0,6,"{""biclique_partition"":0,""boundary_effective_chords"":27,""compressed_flow"":0,""dominance_embedding"":0,""geometric_completion"":35}","{""biclique_partition"":0,""boundary_effective_chords"":30,""compressed_flow"":0,""dominance_embedding"":0,""geometric_completion"":31}",
32faff61bc4577ab50010e5d253afe83f7655d83,rustc 1.89.0 (29483883e 2025-08-04),target/release/rect-cli benchmark --suite adversarial --output results/adversarial.csv,,1784914987,17,19,finite-colored-unit-cell-grid,ornaments;isolated-formal-boundary-points;line-segment-holes;point-holes;degenerate-formal-holes;general-polygon-input,one-cell-wide-corridor,topology,"{""corridor_width"":1}",0,verified,,true,29,10,0,3,0,0,0,0,,,0,0,,,,,2,0,2,0,0,0,4,"{""biclique_partition"":0,""boundary_effective_chords"":14,""compressed_flow"":0,""dominance_embedding"":0,""geometric_completion"":13}","{""biclique_partition"":0,""boundary_effective_chords"":14,""compressed_flow"":0,""dominance_embedding"":0,""geometric_completion"":13}",
32faff61bc4577ab50010e5d253afe83f7655d83,rustc 1.89.0 (29483883e 2025-08-04),target/release/rect-cli benchmark --suite adversarial --output results/adversarial.csv,,1784914987,17,19,finite-colored-unit-cell-grid,ornaments;isolated-formal-boundary-points;line-segment-holes;point-holes;degenerate-formal-holes;general-polygon-input,comb,topology,"{""teeth"":6}",0,verified,,false,43,26,0,11,5,0,5,0,,,0,0,0,5,,,7,5,7,5,0,0,7,"{""biclique_partition"":0,""boundary_effective_chords"":31,""compressed_flow"":1,""dominance_embedding"":0,""geometric_completion"":17}","{""biclique_partition"":0,""boundary_effective_chords"":20,""compressed_flow"":1,""dominance_embedding"":0,""geometric_completion"":12}",
32faff61bc4577ab50010e5d253afe83f7655d83,rustc 1.89.0 (29483883e 2025-08-04),target/release/rect-cli benchmark --suite adversarial --output results/adversarial.csv,,1784914987,17,19,finite-colored-unit-cell-grid,ornaments;isolated-formal-boundary-points;line-segment-holes;point-holes;degenerate-formal-holes;general-polygon-input,double-comb,topology,"{""teeth_per_side"":6}",0,verified,,false,74,54,10,45,21,11,32,20,20,231,19,39,39,32,39,20,54,72,53,71,10,10,14,"{""biclique_partition"":8,""boundary_effective_chords"":37,""compressed_flow"":4,""dominance_embedding"":7,""geometric_completion"":30}","{""biclique_partition"":20,""boundary_effective_chords"":33,""compressed_flow"":6,""dominance_embedding"":3,""geometric_completion"":26}",
32faff61bc4577ab50010e5d253afe83f7655d83,rustc 1.89.0 (29483883e 2025-08-04),target/release/rect-cli benchmark --suite adversarial --output results/adversarial.csv,,1784914987,17,19,finite-colored-unit-cell-grid,ornaments;isolated-formal-boundary-points;line-segment-holes;point-holes;degenerate-formal-holes;general-polygon-input,staircase,topology,"{""steps"":8}",0,verified,,true,36,18,0,7,0,0,0,0,,,0,0,,,,,2,0,2,0,0,0,8,"{""biclique_partition"":1,""boundary_effective_chords"":11,""compressed_flow"":1,""dominance_embedding"":2,""geometric_completion"":26}","{""biclique_partition"":0,""boundary_effective_chords"":11,""compressed_flow"":0,""dominance_embedding"":0,""geometric_completion"":23}",
32faff61bc4577ab50010e5d253afe83f7655d83,rustc 1.89.0 (29483883e 2025-08-04),target/release/rect-cli benchmark --suite adversarial --output results/adversarial.csv,,1784914987,17,19,finite-colored-unit-cell-grid,ornaments;isolated-formal-boundary-points;line-segment-holes;point-holes;degenerate-formal-holes;general-polygon-input,orthogonal-spiral,topology,"{""size"":11}",0,verified,,false,71,24,0,10,0,0,0,0,,,0,0,,,,,2,0,2,0,0,0,11,"{""biclique_partition"":0,""boundary_effective_chords"":44,""compressed_flow"":0,""dominance_embedding"":0,""geometric_completion"":60}","{""biclique_partition"":0,""boundary_effective_chords"":37,""compressed_flow"":0,""dominance_embedding"":0,""geometric_completion"":52}",
32faff61bc4577ab50010e5d253afe83f7655d83,rustc 1.89.0 (29483883e 2025-08-04),target/release/rect-cli benchmark --suite adversarial --output results/adversarial.csv,,1784914987,17,19,finite-colored-unit-cell-grid,ornaments;isolated-formal-boundary-points;line-segment-holes;point-holes;degenerate-formal-holes;general-polygon-input,many-reflex-few-chords,topology,"{""steps"":8}",0,verified,,false,51,46,0,21,6,7,13,6,6,42,6,12,12,13,12,6,21,25,21,25,6,6,15,"{""biclique_partition"":4,""boundary_effective_chords"":34,""compressed_flow"":2,""dominance_embedding"":3,""geometric_completion"":44}","{""biclique_partition"":11,""boundary_effective_chords"":28,""compressed_flow"":2,""dominance_embedding"":2,""geometric_completion"":40}",
32faff61bc4577ab50010e5d253afe83f7655d83,rustc 1.89.0 (29483883e 2025-08-04),target/release/rect-cli benchmark --suite adversarial --output results/adversarial.csv,,1784914987,17,19,finite-colored-unit-cell-grid,ornaments;isolated-formal-boundary-points;line-segment-holes;point-holes;degenerate-formal-holes;general-polygon-input,dense-conflict-6x2,dense-conflict,"{""min_horizontal"":6,""min_vertical"":2}",1,verified,,false,53,36,0,16,8,8,16,28,28,64,15,39,39,16,39,28,46,72,33,55,8,8,9,"{""biclique_partition"":13,""boundary_effective_chords"":23,""compressed_flow"":7,""dominance_embedding"":3,""geometric_completion"":18}","{""biclique_partition"":17,""boundary_effective_chords"":16,""compressed_flow"":4,""dominance_embedding"":2,""geometric_completion"":16}",
32faff61bc4577ab50010e5d253afe83f7655d83,rustc 1.89.0 (29483883e 2025-08-04),target/release/rect-cli benchmark --suite adversarial --output results/adversarial.csv,,1784914987,17,19,finite-colored-unit-cell-grid,ornaments;isolated-formal-boundary-points;line-segment-holes;point-holes;degenerate-formal-holes;general-polygon-input,long-collinear-boundary-runs,topology,"{""run_length"":16}",0,verified,,false,77,8,1,4,0,0,0,0,,,0,0,,,,,2,0,2,0,0,0,4,"{""biclique_partition"":0,""boundary_effective_chords"":21,""compressed_flow"":0,""dominance_embedding"":0,""geometric_completion"":36}","{""biclique_partition"":0,""boundary_effective_chords"":23,""compressed_flow"":0,""dominance_embedding"":0,""geometric_completion"":37}",
32faff61bc4577ab50010e5d253afe83f7655d83,rustc 1.89.0 (29483883e 2025-08-04),target/release/rect-cli benchmark --suite adversarial --output results/adversarial.csv,,1784914987,17,19,finite-colored-unit-cell-grid,ornaments;isolated-formal-boundary-points;line-segment-holes;point-holes;degenerate-formal-holes;general-polygon-input,disconnected-same-color,connectivity,"{""foreground_components"":2}",0,verified,,true,9,4,0,0,0,0,0,0,,,0,0,,,,,2,0,2,0,0,0,1,"{""biclique_partition"":0,""boundary_effective_chords"":3,""compressed_flow"":0,""dominance_embedding"":0,""geometric_completion"":3}","{""biclique_partition"":0,""boundary_effective_chords"":3,""compressed_flow"":0,""dominance_embedding"":0,""geometric_completion"":3}",
32faff61bc4577ab50010e5d253afe83f7655d83,rustc 1.89.0 (29483883e 2025-08-04),target/release/rect-cli benchmark --suite adversarial --output results/adversarial.csv,,1784914987,17,19,finite-colored-unit-cell-grid,ornaments;isolated-formal-boundary-points;line-segment-holes;point-holes;degenerate-formal-holes;general-polygon-input,disconnected-same-color,connectivity,"{""foreground_components"":2}",2,verified,,true,9,4,0,0,0,0,0,0,,,0,0,,,,,2,0,2,0,0,0,1,"{""biclique_partition"":0,""boundary_effective_chords"":3,""compressed_flow"":0,""dominance_embedding"":0,""geometric_completion"":3}","{""biclique_partition"":0,""boundary_effective_chords"":3,""compressed_flow"":0,""dominance_embedding"":0,""geometric_completion"":3}",
32faff61bc4577ab50010e5d253afe83f7655d83,rustc 1.89.0 (29483883e 2025-08-04),target/release/rect-cli benchmark --suite adversarial --output results/adversarial.csv,,1784914987,17,19,finite-colored-unit-cell-grid,ornaments;isolated-formal-boundary-points;line-segment-holes;point-holes;degenerate-formal-holes;general-polygon-input,diagonal-touch-only,connectivity,"{""foreground_components"":2}",0,verified,,true,1,4,0,0,0,0,0,0,,,0,0,,,,,2,0,2,0,0,0,1,"{""biclique_partition"":0,""boundary_effective_chords"":0,""compressed_flow"":1,""dominance_embedding"":0,""geometric_completion"":0}","{""biclique_partition"":0,""boundary_effective_chords"":0,""compressed_flow"":0,""dominance_embedding"":0,""geometric_completion"":0}",
32faff61bc4577ab50010e5d253afe83f7655d83,rustc 1.89.0 (29483883e 2025-08-04),target/release/rect-cli benchmark --suite adversarial --output results/adversarial.csv,,1784914987,17,19,finite-colored-unit-cell-grid,ornaments;isolated-formal-boundary-points;line-segment-holes;point-holes;degenerate-formal-holes;general-polygon-input,diagonal-touch-only,connectivity,"{""foreground_components"":2}",3,verified,,true,1,4,0,0,0,0,0,0,,,0,0,,,,,2,0,2,0,0,0,1,"{""biclique_partition"":0,""boundary_effective_chords"":0,""compressed_flow"":0,""dominance_embedding"":0,""geometric_completion"":0}","{""biclique_partition"":0,""boundary_effective_chords"":0,""compressed_flow"":0,""dominance_embedding"":0,""geometric_completion"":0}",
32faff61bc4577ab50010e5d253afe83f7655d83,rustc 1.89.0 (29483883e 2025-08-04),target/release/rect-cli benchmark --suite adversarial --output results/adversarial.csv,,1784914987,17,19,finite-colored-unit-cell-grid,ornaments;isolated-formal-boundary-points;line-segment-holes;point-holes;degenerate-formal-holes;general-polygon-input,dense-conflict-4x5,dense-conflict,"{""min_horizontal"":4,""min_vertical"":5}",1,verified,,false,73,44,0,20,10,10,20,44,44,100,21,55,55,20,55,44,66,108,43,75,10,10,11,"{""biclique_partition"":15,""boundary_effective_chords"":25,""compressed_flow"":7,""dominance_embedding"":3,""geometric_completion"":29}","{""biclique_partition"":29,""boundary_effective_chords"":26,""compressed_flow"":6,""dominance_embedding"":4,""geometric_completion"":24}",
32faff61bc4577ab50010e5d253afe83f7655d83,rustc 1.89.0 (29483883e 2025-08-04),target/release/rect-cli benchmark --suite adversarial --output results/adversarial.csv,,1784914987,17,19,finite-colored-unit-cell-grid,ornaments;isolated-formal-boundary-points;line-segment-holes;point-holes;degenerate-formal-holes;general-polygon-input,dense-conflict-8x8,dense-conflict,"{""min_horizontal"":8,""min_vertical"":8}",1,verified,,false,137,68,0,32,16,16,32,96,96,256,24,84,84,32,84,96,130,224,58,116,16,16,17,"{""biclique_partition"":38,""boundary_effective_chords"":48,""compressed_flow"":12,""dominance_embedding"":6,""geometric_completion"":52}","{""biclique_partition"":39,""boundary_effective_chords"":41,""compressed_flow"":7,""dominance_embedding"":4,""geometric_completion"":44}",
