schema_version,campaign,family,algorithm,solver_provenance,seed,target_size,generation_attempts,pair_id,repetition,warmup,measured,execution_order,timeout_seconds,state,outcome,exit_status,correctness,message,invalid_reason,process_wall_time_ns,process_startup_overhead_ns,size_width,size_height,size_foreground_cells_n,size_component_count,size_boundary_size_b,size_reflex_count,size_horizontal_chord_count_h,size_vertical_chord_count_v,size_q,size_explicit_conflict_edge_count_k,size_biclique_count,size_biclique_total_vertex_occurrences_sigma,size_compressed_network_node_count,size_compressed_network_arc_count,size_optimum_rectangle_count,structure_rank_sort_count,structure_rank_map_entry_count,structure_rank_map_owned_bytes,structure_matching_size,structure_vertex_cover_size,structure_c0_network_node_count,structure_c0_network_arc_count,timing_input_loading_ns,timing_instance_generation_ns,timing_geometry_preprocessing_ns,timing_chord_generation_ns,timing_embedding_ns,timing_explicit_conflict_graph_ns,timing_biclique_construction_ns,timing_network_construction_ns,timing_matching_or_flow_ns,timing_vertex_cover_recovery_ns,timing_chord_selection_ns,timing_geometric_completion_ns,timing_rectangle_recovery_ns,timing_verification_ns,timing_total_in_process_solve_ns,paired_width,paired_height,paired_foreground_cells_n,paired_component_count,paired_boundary_size_b,paired_reflex_count,paired_horizontal_chord_count_h,paired_vertical_chord_count_v,paired_q,paired_explicit_conflict_edge_count_k,paired_biclique_count,paired_biclique_total_vertex_occurrences_sigma,paired_compressed_network_node_count,paired_compressed_network_arc_count,paired_optimum_rectangle_count
1,paper-scaling,random-connected,explicit-hopcroft-karp,sg-oracle::grid::build_conflict_graph + Hopcroft-Karp + Konig cover + indexed completion,424242,4,1,random-connected:424242:4:0,0,True,False,0,8.0,success,success,0,valid,,,362455083,362271000,4,4,4,1,6,1,0,0,0,0,0,0,,,2,,,,0,0,,,0,96625,36417,51041,,25917,,,83,83,0,38792,9208,19250,184083,,,,,,,,,,,,,,,
1,paper-scaling,random-connected,explicit-c0-flow,DominanceEmbedding::explicit_graph + C0 edge bicliques + explicit flow construction/execution/cover recovery + indexed completion,424242,4,1,random-connected:424242:4:0,0,True,False,1,8.0,success,success,0,valid,,,39008250,38867250,4,4,4,1,6,1,0,0,0,0,0,0,2,,2,0,0,0,0,0,2,0,0,12916,8459,4166,28417,1750,35375,8917,35916,167,0,8083,1625,4042,141000,,,,,,,,,,,,,,,
1,paper-scaling,random-connected,compact-mrd,dominance::biclique::experiment::construct + compressed flow construction/execution/cover recovery + indexed completion,424242,4,1,random-connected:424242:4:0,0,True,False,2,8.0,success,success,0,valid,,,38948125,38890667,4,4,4,1,6,1,0,0,0,,0,0,2,,2,0,0,0,0,0,,,0,10875,13000,4292,2625,,13834,1583,3500,375,84,8417,1666,3918,57458,,,,,,,,,,,,,,,
1,paper-scaling,random-connected,exact-cover-oracle,exact-cover-oracle::solve (independent bitset branch-and-bound),424242,4,1,random-connected:424242:4:0,0,True,False,3,8.0,success,success,0,valid,,,38496125,38425292,4,4,4,1,6,1,0,0,0,,0,0,,,2,,,,,,,,0,10125,,,,,,,68542,,,,,416,70833,,,,,,,,,,,,,,,
1,paper-scaling,random-connected,explicit-hopcroft-karp,sg-oracle::grid::build_conflict_graph + Hopcroft-Karp + Konig cover + indexed completion,424242,4,1,random-connected:424242:4:0,0,False,True,0,8.0,success,success,0,valid,,,38642542,38606958,4,4,4,1,6,1,0,0,0,0,0,0,,,2,,,,0,0,,,0,11416,10958,4500,,2292,,,250,291,500,7417,1500,3626,35584,,,,,6,1,,,0,0,0,0,2,,
1,paper-scaling,random-connected,explicit-c0-flow,DominanceEmbedding::explicit_graph + C0 edge bicliques + explicit flow construction/execution/cover recovery + indexed completion,424242,4,1,random-connected:424242:4:0,0,False,True,1,8.0,success,success,0,valid,,,40397375,40352666,4,4,4,1,6,1,0,0,0,0,0,0,2,,2,0,0,0,0,0,2,0,0,9750,8291,4459,2834,1709,4584,1041,3542,375,125,8166,1417,3792,44709,,,,,6,1,,,0,0,0,0,2,,
1,paper-scaling,random-connected,compact-mrd,dominance::biclique::experiment::construct + compressed flow construction/execution/cover recovery + indexed completion,424242,4,1,random-connected:424242:4:0,0,False,True,2,8.0,success,success,0,valid,,,39263416,39218708,4,4,4,1,6,1,0,0,0,,0,0,2,,2,0,0,0,0,0,,,0,10833,9167,4334,2750,,4334,1708,3250,375,83,8458,1959,4333,44708,,,,,6,1,,,0,0,0,0,2,,
1,paper-scaling,random-connected,exact-cover-oracle,exact-cover-oracle::solve (independent bitset branch-and-bound),424242,4,1,random-connected:424242:4:0,0,False,True,3,8.0,success,success,0,valid,,,40475209,40453209,4,4,4,1,6,1,0,0,0,,0,0,,,2,,,,,,,,0,12167,,,,,,,20041,,,,,542,22000,,,,,6,1,,,0,0,0,0,2,,
1,paper-scaling,random-connected,explicit-hopcroft-karp,sg-oracle::grid::build_conflict_graph + Hopcroft-Karp + Konig cover + indexed completion,424242,4,1,random-connected:424242:4:1,1,False,True,0,8.0,success,success,0,valid,,,39805250,39772416,4,4,4,1,6,1,0,0,0,0,0,0,,,2,,,,0,0,,,0,10250,8833,4375,,2292,,,250,333,125,7750,1709,3750,32834,,,,,6,1,,,0,0,0,0,2,,
1,paper-scaling,random-connected,explicit-c0-flow,DominanceEmbedding::explicit_graph + C0 edge bicliques + explicit flow construction/execution/cover recovery + indexed completion,424242,4,1,random-connected:424242:4:1,1,False,True,1,8.0,success,success,0,valid,,,39740250,39693333,4,4,4,1,6,1,0,0,0,0,0,0,2,,2,0,0,0,0,0,2,0,0,10250,10917,4208,2750,1750,4959,1041,3542,292,0,8125,1541,3959,46917,,,,,6,1,,,0,0,0,0,2,,
1,paper-scaling,random-connected,compact-mrd,dominance::biclique::experiment::construct + compressed flow construction/execution/cover recovery + indexed completion,424242,4,1,random-connected:424242:4:1,1,False,True,2,8.0,success,success,0,valid,,,39221250,39171833,4,4,4,1,6,1,0,0,0,,0,0,2,,2,0,0,0,0,0,,,0,12084,12167,4416,3083,,5125,1584,3375,458,250,8292,1958,3833,49417,,,,,6,1,,,0,0,0,0,2,,
1,paper-scaling,random-connected,exact-cover-oracle,exact-cover-oracle::solve (independent bitset branch-and-bound),424242,4,1,random-connected:424242:4:1,1,False,True,3,8.0,success,success,0,valid,,,40583541,40563166,4,4,4,1,6,1,0,0,0,,0,0,,,2,,,,,,,,0,10167,,,,,,,18417,,,,,541,20375,,,,,6,1,,,0,0,0,0,2,,
1,paper-scaling,random-connected,explicit-hopcroft-karp,sg-oracle::grid::build_conflict_graph + Hopcroft-Karp + Konig cover + indexed completion,424242,4,1,random-connected:424242:4:2,2,False,True,0,8.0,success,success,0,valid,,,41206917,41171167,4,4,4,1,6,1,0,0,0,0,0,0,,,2,,,,0,0,,,0,10708,11084,4083,,2458,,,250,375,83,7875,1542,3833,35750,,,,,6,1,,,0,0,0,0,2,,
1,paper-scaling,random-connected,explicit-c0-flow,DominanceEmbedding::explicit_graph + C0 edge bicliques + explicit flow construction/execution/cover recovery + indexed completion,424242,4,1,random-connected:424242:4:2,2,False,True,1,8.0,success,success,0,valid,,,39783834,39735709,4,4,4,1,6,1,0,0,0,0,0,0,2,,2,0,0,0,0,0,2,0,0,11375,9792,4458,2833,2000,5000,1000,3542,208,42,9250,1500,4000,48125,,,,,6,1,,,0,0,0,0,2,,
1,paper-scaling,random-connected,compact-mrd,dominance::biclique::experiment::construct + compressed flow construction/execution/cover recovery + indexed completion,424242,4,1,random-connected:424242:4:2,2,False,True,2,8.0,success,success,0,valid,,,40266750,40221125,4,4,4,1,6,1,0,0,0,,0,0,2,,2,0,0,0,0,0,,,0,10916,10750,4166,3042,,4208,1583,3500,458,208,8292,1541,3667,45625,,,,,6,1,,,0,0,0,0,2,,
1,paper-scaling,random-connected,exact-cover-oracle,exact-cover-oracle::solve (independent bitset branch-and-bound),424242,4,1,random-connected:424242:4:2,2,False,True,3,8.0,success,success,0,valid,,,41001583,40980041,4,4,4,1,6,1,0,0,0,,0,0,,,2,,,,,,,,0,11792,,,,,,,19791,,,,,583,21542,,,,,6,1,,,0,0,0,0,2,,
1,paper-scaling,random-connected,explicit-hopcroft-karp,sg-oracle::grid::build_conflict_graph + Hopcroft-Karp + Konig cover + indexed completion,424242,6,1,random-connected:424242:6:0,0,True,False,0,8.0,success,success,0,valid,,,40265958,40206708,5,5,6,1,10,3,1,1,2,1,0,0,,,3,,,,1,1,,,0,12416,12916,5875,,12416,,,9500,292,167,8125,1708,4084,59250,,,,,,,,,,,,,,,
1,paper-scaling,random-connected,explicit-c0-flow,DominanceEmbedding::explicit_graph + C0 edge bicliques + explicit flow construction/execution/cover recovery + indexed completion,424242,6,1,random-connected:424242:6:0,0,True,False,1,8.0,success,success,0,valid,,,40426208,40359250,5,5,6,1,10,3,1,1,2,1,1,2,5,4,3,0,0,0,1,1,5,4,0,10875,13000,4708,2875,2750,18209,1958,3417,250,166,8000,1750,5167,66958,,,,,,,,,,,,,,,
1,paper-scaling,random-connected,compact-mrd,dominance::biclique::experiment::construct + compressed flow construction/execution/cover recovery + indexed completion,424242,6,1,random-connected:424242:6:0,0,True,False,2,8.0,success,success,0,valid,,,40159125,40097875,5,5,6,1,10,3,1,1,2,,1,2,5,4,3,0,0,0,1,1,,,0,12208,11500,6375,3500,,12666,2834,3709,292,250,8625,2125,4375,61250,,,,,,,,,,,,,,,
1,paper-scaling,random-connected,exact-cover-oracle,exact-cover-oracle::solve (independent bitset branch-and-bound),424242,6,1,random-connected:424242:6:0,0,True,False,3,8.0,success,success,0,valid,,,39928667,39902542,5,5,6,1,10,3,0,0,0,,0,0,,,3,,,,,,,,0,12792,,,,,,,23625,,,,,625,26125,,,,,,,,,,,,,,,
1,paper-scaling,random-connected,explicit-hopcroft-karp,sg-oracle::grid::build_conflict_graph + Hopcroft-Karp + Konig cover + indexed completion,424242,6,1,random-connected:424242:6:0,0,False,True,0,8.0,success,success,0,valid,,,41652250,41610375,5,5,6,1,10,3,1,1,2,1,0,0,,,3,,,,1,1,,,0,10625,12541,5292,,3709,,,1208,417,166,8875,1625,3917,41875,,,,,10,3,,,2,1,1,2,5,4,
1,paper-scaling,random-connected,explicit-c0-flow,DominanceEmbedding::explicit_graph + C0 edge bicliques + explicit flow construction/execution/cover recovery + indexed completion,424242,6,1,random-connected:424242:6:0,0,False,True,1,8.0,success,success,0,valid,,,40798625,40736666,5,5,6,1,10,3,1,1,2,1,1,2,5,4,3,0,0,0,1,1,5,4,0,11000,13416,6750,3250,3042,8708,2125,3792,416,125,8459,1833,4500,61959,,,,,10,3,,,2,1,1,2,5,4,
1,paper-scaling,random-connected,compact-mrd,dominance::biclique::experiment::construct + compressed flow construction/execution/cover recovery + indexed completion,424242,6,1,random-connected:424242:6:0,0,False,True,2,8.0,success,success,0,valid,,,41367625,41308708,5,5,6,1,10,3,1,1,2,,1,2,5,4,3,0,0,0,1,1,,,0,10667,12333,5625,3084,,11541,3250,3583,542,292,8459,1750,4125,58917,,,,,10,3,,,2,1,1,2,5,4,
1,paper-scaling,random-connected,exact-cover-oracle,exact-cover-oracle::solve (independent bitset branch-and-bound),424242,6,1,random-connected:424242:6:0,0,False,True,3,8.0,success,success,0,valid,,,41053500,41031375,5,5,6,1,10,3,0,0,0,,0,0,,,3,,,,,,,,0,11083,,,,,,,20000,,,,,542,22125,,,,,10,3,,,2,1,1,2,5,4,
1,paper-scaling,random-connected,explicit-hopcroft-karp,sg-oracle::grid::build_conflict_graph + Hopcroft-Karp + Konig cover + indexed completion,424242,6,1,random-connected:424242:6:1,1,False,True,0,8.0,success,success,0,valid,,,40136917,40093751,5,5,6,1,10,3,1,1,2,1,0,0,,,3,,,,1,1,,,0,11209,13791,4958,,3459,,,1375,375,167,8583,1667,4500,43166,,,,,10,3,,,2,1,1,2,5,4,
1,paper-scaling,random-connected,explicit-c0-flow,DominanceEmbedding::explicit_graph + C0 edge bicliques + explicit flow construction/execution/cover recovery + indexed completion,424242,6,1,random-connected:424242:6:1,1,False,True,1,8.0,success,success,0,valid,,,40808375,40752708,5,5,6,1,10,3,1,1,2,1,1,2,5,4,3,0,0,0,1,1,5,4,0,10125,10375,5625,2833,2708,9208,2041,3417,459,250,7917,1708,4000,55667,,,,,10,3,,,2,1,1,2,5,4,
1,paper-scaling,random-connected,compact-mrd,dominance::biclique::experiment::construct + compressed flow construction/execution/cover recovery + indexed completion,424242,6,1,random-connected:424242:6:1,1,False,True,2,8.0,success,success,0,valid,,,38640458,38577958,5,5,6,1,10,3,1,1,2,,1,2,5,4,3,0,0,0,1,1,,,0,11042,12708,7458,3125,,11375,2917,4459,583,208,8791,1917,3917,62500,,,,,10,3,,,2,1,1,2,5,4,
1,paper-scaling,random-connected,exact-cover-oracle,exact-cover-oracle::solve (independent bitset branch-and-bound),424242,6,1,random-connected:424242:6:1,1,False,True,3,8.0,success,success,0,valid,,,40005458,39982000,5,5,6,1,10,3,0,0,0,,0,0,,,3,,,,,,,,0,11000,,,,,,,20958,,,,,541,23458,,,,,10,3,,,2,1,1,2,5,4,
1,paper-scaling,random-connected,explicit-hopcroft-karp,sg-oracle::grid::build_conflict_graph + Hopcroft-Karp + Konig cover + indexed completion,424242,6,1,random-connected:424242:6:2,2,False,True,0,8.0,success,success,0,valid,,,40472791,40427207,5,5,6,1,10,3,1,1,2,1,0,0,,,3,,,,1,1,,,0,11125,15375,5041,,3500,,,1375,500,167,9125,1959,3958,45584,,,,,10,3,,,2,1,1,2,5,4,
1,paper-scaling,random-connected,explicit-c0-flow,DominanceEmbedding::explicit_graph + C0 edge bicliques + explicit flow construction/execution/cover recovery + indexed completion,424242,6,1,random-connected:424242:6:2,2,False,True,1,8.0,success,success,0,valid,,,40882125,40820959,5,5,6,1,10,3,1,1,2,1,1,2,5,4,3,0,0,0,1,1,5,4,0,11875,13500,5208,3167,2958,8833,2041,3709,375,84,8792,1625,5541,61166,,,,,10,3,,,2,1,1,2,5,4,
1,paper-scaling,random-connected,compact-mrd,dominance::biclique::experiment::construct + compressed flow construction/execution/cover recovery + indexed completion,424242,6,1,random-connected:424242:6:2,2,False,True,2,8.0,success,success,0,valid,,,40023250,39964459,5,5,6,1,10,3,1,1,2,,1,2,5,4,3,0,0,0,1,1,,,0,11125,12292,5500,3375,,10916,2958,3625,458,167,8333,1917,4750,58791,,,,,10,3,,,2,1,1,2,5,4,
1,paper-scaling,random-connected,exact-cover-oracle,exact-cover-oracle::solve (independent bitset branch-and-bound),424242,6,1,random-connected:424242:6:2,2,False,True,3,8.0,success,success,0,valid,,,40148375,40123000,5,5,6,1,10,3,0,0,0,,0,0,,,3,,,,,,,,0,12208,,,,,,,22834,,,,,667,25375,,,,,10,3,,,2,1,1,2,5,4,
1,paper-scaling,random-connected,explicit-hopcroft-karp,sg-oracle::grid::build_conflict_graph + Hopcroft-Karp + Konig cover + indexed completion,424242,8,1,random-connected:424242:8:0,0,True,False,0,8.0,success,success,0,valid,,,39520583,39476833,6,6,8,1,14,5,2,2,4,4,0,0,,,4,,,,2,2,,,0,10875,12000,5750,,3625,,,1459,416,125,9708,2125,4250,43750,,,,,,,,,,,,,,,
1,paper-scaling,random-connected,explicit-c0-flow,DominanceEmbedding::explicit_graph + C0 edge bicliques + explicit flow construction/execution/cover recovery + indexed completion,424242,8,1,random-connected:424242:8:0,0,True,False,1,8.0,success,success,0,valid,,,39853417,39775792,6,6,8,1,14,5,2,2,4,4,4,8,10,12,4,0,0,0,2,2,10,12,0,11416,16584,4959,2750,3417,20791,2333,5083,417,208,9458,1917,4333,77625,,,,,,,,,,,,,,,
1,paper-scaling,random-connected,compact-mrd,dominance::biclique::experiment::construct + compressed flow construction/execution/cover recovery + indexed completion,424242,8,1,random-connected:424242:8:0,0,True,False,2,8.0,success,success,0,valid,,,40317166,40243999,6,6,8,1,14,5,2,2,4,,1,4,7,8,4,0,0,0,2,2,,,0,10750,19333,6417,3000,,12875,3167,5208,667,166,10125,1917,4791,73167,,,,,,,,,,,,,,,
1,paper-scaling,random-connected,exact-cover-oracle,exact-cover-oracle::solve (independent bitset branch-and-bound),424242,8,1,random-connected:424242:8:0,0,True,False,3,8.0,success,success,0,valid,,,40300792,40244959,6,6,8,1,14,5,0,0,0,,0,0,,,4,,,,,,,,0,10750,,,,,,,53541,,,,,709,55833,,,,,,,,,,,,,,,
1,paper-scaling,random-connected,explicit-hopcroft-karp,sg-oracle::grid::build_conflict_graph + Hopcroft-Karp + Konig cover + indexed completion,424242,8,1,random-connected:424242:8:0,0,False,True,0,8.0,success,success,0,valid,,,39319833,39274166,6,6,8,1,14,5,2,2,4,4,0,0,,,4,,,,2,2,,,0,10791,13667,6375,,3625,,,1333,375,125,9583,1917,4416,45667,,,,,14,5,,,4,4,1,4,7,8,
1,paper-scaling,random-connected,explicit-c0-flow,DominanceEmbedding::explicit_graph + C0 edge bicliques + explicit flow construction/execution/cover recovery + indexed completion,424242,8,1,random-connected:424242:8:0,0,False,True,1,8.0,success,success,0,valid,,,41649584,41574001,6,6,8,1,14,5,2,2,4,4,4,8,10,12,4,0,0,0,2,2,10,12,0,11917,18125,6750,3041,3208,12750,3166,5459,583,41,10125,2125,4208,75583,,,,,14,5,,,4,4,1,4,7,8,
1,paper-scaling,random-connected,compact-mrd,dominance::biclique::experiment::construct + compressed flow construction/execution/cover recovery + indexed completion,424242,8,1,random-connected:424242:8:0,0,False,True,2,8.0,success,success,0,valid,,,41332792,41267126,6,6,8,1,14,5,2,2,4,,1,4,7,8,4,0,0,0,2,2,,,0,12125,13167,5625,2917,,13833,3208,5209,416,167,9958,2000,4292,65666,,,,,14,5,,,4,4,1,4,7,8,
1,paper-scaling,random-connected,exact-cover-oracle,exact-cover-oracle::solve (independent bitset branch-and-bound),424242,8,1,random-connected:424242:8:0,0,False,True,3,8.0,success,success,0,valid,,,40452000,40419375,6,6,8,1,14,5,0,0,0,,0,0,,,4,,,,,,,,0,10625,,,,,,,30667,,,,,916,32625,,,,,14,5,,,4,4,1,4,7,8,
1,paper-scaling,random-connected,explicit-hopcroft-karp,sg-oracle::grid::build_conflict_graph + Hopcroft-Karp + Konig cover + indexed completion,424242,8,1,random-connected:424242:8:1,1,False,True,0,8.0,success,success,0,valid,,,40521542,40477083,6,6,8,1,14,5,2,2,4,4,0,0,,,4,,,,2,2,,,0,10666,13041,5459,,3458,,,1375,333,208,9916,1834,4417,44459,,,,,14,5,,,4,4,1,4,7,8,
1,paper-scaling,random-connected,explicit-c0-flow,DominanceEmbedding::explicit_graph + C0 edge bicliques + explicit flow construction/execution/cover recovery + indexed completion,424242,8,1,random-connected:424242:8:1,1,False,True,1,8.0,success,success,0,valid,,,40750292,40684208,6,6,8,1,14,5,2,2,4,4,4,8,10,12,4,0,0,0,2,2,10,12,0,11625,12833,5375,2792,3125,11792,2417,5041,625,209,10292,1916,4417,66084,,,,,14,5,,,4,4,1,4,7,8,
1,paper-scaling,random-connected,compact-mrd,dominance::biclique::experiment::construct + compressed flow construction/execution/cover recovery + indexed completion,424242,8,1,random-connected:424242:8:1,1,False,True,2,8.0,success,success,0,valid,,,40547458,40483875,6,6,8,1,14,5,2,2,4,,1,4,7,8,4,0,0,0,2,2,,,0,11250,13042,5208,2792,,12792,3125,5083,458,125,9709,1875,4541,63583,,,,,14,5,,,4,4,1,4,7,8,
1,paper-scaling,random-connected,exact-cover-oracle,exact-cover-oracle::solve (independent bitset branch-and-bound),424242,8,1,random-connected:424242:8:1,1,False,True,3,8.0,success,success,0,valid,,,40196209,40163126,6,6,8,1,14,5,0,0,0,,0,0,,,4,,,,,,,,0,10792,,,,,,,31000,,,,,792,33083,,,,,14,5,,,4,4,1,4,7,8,
1,paper-scaling,random-connected,explicit-hopcroft-karp,sg-oracle::grid::build_conflict_graph + Hopcroft-Karp + Konig cover + indexed completion,424242,8,1,random-connected:424242:8:2,2,False,True,0,8.0,success,success,0,valid,,,41273958,41228708,6,6,8,1,14,5,2,2,4,4,0,0,,,4,,,,2,2,,,0,11417,12875,5541,,3792,,,1542,375,167,10209,1791,4251,45250,,,,,14,5,,,4,4,1,4,7,8,
1,paper-scaling,random-connected,explicit-c0-flow,DominanceEmbedding::explicit_graph + C0 edge bicliques + explicit flow construction/execution/cover recovery + indexed completion,424242,8,1,random-connected:424242:8:2,2,False,True,1,8.0,success,success,0,valid,,,40675833,40606250,6,6,8,1,14,5,2,2,4,4,4,8,10,12,4,0,0,0,2,2,10,12,0,11791,13750,5542,3000,3125,12583,2666,5292,500,84,10125,3333,4499,69583,,,,,14,5,,,4,4,1,4,7,8,
1,paper-scaling,random-connected,compact-mrd,dominance::biclique::experiment::construct + compressed flow construction/execution/cover recovery + indexed completion,424242,8,1,random-connected:424242:8:2,2,False,True,2,8.0,success,success,0,valid,,,41200083,41134333,6,6,8,1,14,5,2,2,4,,1,4,7,8,4,0,0,0,2,2,,,0,11875,13709,5334,2875,,12916,3292,5250,542,250,10292,2000,4375,65750,,,,,14,5,,,4,4,1,4,7,8,
1,paper-scaling,random-connected,exact-cover-oracle,exact-cover-oracle::solve (independent bitset branch-and-bound),424242,8,1,random-connected:424242:8:2,2,False,True,3,8.0,success,success,0,valid,,,41706916,41674374,6,6,8,1,14,5,0,0,0,,0,0,,,4,,,,,,,,0,11667,,,,,,,30667,,,,,1583,32542,,,,,14,5,,,4,4,1,4,7,8,
1,paper-scaling,random-connected,explicit-hopcroft-karp,sg-oracle::grid::build_conflict_graph + Hopcroft-Karp + Konig cover + indexed completion,424242,10,1,random-connected:424242:10:0,0,True,False,0,8.0,success,success,0,valid,,,42078833,42029542,7,7,10,1,16,6,3,2,5,6,0,0,,,4,,,,2,2,,,0,11000,15208,6167,,3709,,,1709,500,166,10250,2084,4750,49291,,,,,,,,,,,,,,,
1,paper-scaling,random-connected,explicit-c0-flow,DominanceEmbedding::explicit_graph + C0 edge bicliques + explicit flow construction/execution/cover recovery + indexed completion,424242,10,1,random-connected:424242:10:0,0,True,False,1,8.0,success,success,0,valid,,,40960708,40881792,7,7,10,1,16,6,3,2,5,6,6,12,13,17,4,0,0,0,2,2,13,17,0,12250,19250,5541,2917,3042,14791,2917,6500,333,83,10542,2208,4583,78916,,,,,,,,,,,,,,,
1,paper-scaling,random-connected,compact-mrd,dominance::biclique::experiment::construct + compressed flow construction/execution/cover recovery + indexed completion,424242,10,1,random-connected:424242:10:0,0,True,False,2,8.0,success,success,0,valid,,,41124417,41051501,7,7,10,1,16,6,3,2,5,,2,7,9,12,4,0,0,0,2,2,,,0,12375,16167,5542,2916,,16417,3542,6334,459,166,9917,1958,4583,72916,,,,,,,,,,,,,,,
1,paper-scaling,random-connected,exact-cover-oracle,exact-cover-oracle::solve (independent bitset branch-and-bound),424242,10,1,random-connected:424242:10:0,0,True,False,3,8.0,success,success,0,valid,,,41709750,41669750,7,7,10,1,16,6,0,0,0,,0,0,,,4,,,,,,,,0,12084,,,,,,,37667,,,,,667,40000,,,,,,,,,,,,,,,
1,paper-scaling,random-connected,explicit-hopcroft-karp,sg-oracle::grid::build_conflict_graph + Hopcroft-Karp + Konig cover + indexed completion,424242,10,1,random-connected:424242:10:0,0,False,True,0,8.0,success,success,0,valid,,,39953750,39909417,7,7,10,1,16,6,3,2,5,6,0,0,,,4,,,,2,2,,,0,11833,13292,5083,,3458,,,1792,375,167,9000,2167,4291,44333,,,,,16,6,,,5,6,2,7,9,12,
1,paper-scaling,random-connected,explicit-c0-flow,DominanceEmbedding::explicit_graph + C0 edge bicliques + explicit flow construction/execution/cover recovery + indexed completion,424242,10,1,random-connected:424242:10:0,0,False,True,1,8.0,success,success,0,valid,,,40225875,40155459,7,7,10,1,16,6,3,2,5,6,6,12,13,17,4,0,0,0,2,2,13,17,0,11583,13708,5375,2750,2750,14375,2666,7583,417,83,8959,1875,3916,70416,,,,,16,6,,,5,6,2,7,9,12,
1,paper-scaling,random-connected,compact-mrd,dominance::biclique::experiment::construct + compressed flow construction/execution/cover recovery + indexed completion,424242,10,1,random-connected:424242:10:0,0,False,True,2,8.0,success,success,0,valid,,,40823750,40748833,7,7,10,1,16,6,3,2,5,,2,7,9,12,4,0,0,0,2,2,,,0,13042,14458,6125,3042,,16750,3583,5792,459,166,11958,2000,4958,74917,,,,,16,6,,,5,6,2,7,9,12,
1,paper-scaling,random-connected,exact-cover-oracle,exact-cover-oracle::solve (independent bitset branch-and-bound),424242,10,1,random-connected:424242:10:0,0,False,True,3,8.0,success,success,0,valid,,,40311125,40265000,7,7,10,1,16,6,0,0,0,,0,0,,,4,,,,,,,,0,11625,,,,,,,43792,,,,,1625,46125,,,,,16,6,,,5,6,2,7,9,12,
1,paper-scaling,random-connected,explicit-hopcroft-karp,sg-oracle::grid::build_conflict_graph + Hopcroft-Karp + Konig cover + indexed completion,424242,10,1,random-connected:424242:10:1,1,False,True,0,8.0,success,success,0,valid,,,40885083,40839874,7,7,10,1,16,6,3,2,5,6,0,0,,,4,,,,2,2,,,0,11125,13875,5041,,3458,,,1459,875,209,9291,2209,4583,45209,,,,,16,6,,,5,6,2,7,9,12,
1,paper-scaling,random-connected,explicit-c0-flow,DominanceEmbedding::explicit_graph + C0 edge bicliques + explicit flow construction/execution/cover recovery + indexed completion,424242,10,1,random-connected:424242:10:1,1,False,True,1,8.0,success,success,0,valid,,,49836333,49765625,7,7,10,1,16,6,3,2,5,6,6,12,13,17,4,0,0,0,2,2,13,17,0,12125,14500,5042,2792,3125,13916,2542,6416,459,167,9416,2042,4334,70708,,,,,16,6,,,5,6,2,7,9,12,
1,paper-scaling,random-connected,compact-mrd,dominance::biclique::experiment::construct + compressed flow construction/execution/cover recovery + indexed completion,424242,10,1,random-connected:424242:10:1,1,False,True,2,8.0,success,success,0,valid,,,42273750,42200125,7,7,10,1,16,6,3,2,5,,2,7,9,12,4,0,0,0,2,2,,,0,13375,14542,5083,5041,,16083,3292,5834,459,166,9541,1750,6250,73625,,,,,16,6,,,5,6,2,7,9,12,
1,paper-scaling,random-connected,exact-cover-oracle,exact-cover-oracle::solve (independent bitset branch-and-bound),424242,10,1,random-connected:424242:10:1,1,False,True,3,8.0,success,success,0,valid,,,41413583,41366416,7,7,10,1,16,6,0,0,0,,0,0,,,4,,,,,,,,0,12625,,,,,,,44875,,,,,917,47167,,,,,16,6,,,5,6,2,7,9,12,
1,paper-scaling,random-connected,explicit-hopcroft-karp,sg-oracle::grid::build_conflict_graph + Hopcroft-Karp + Konig cover + indexed completion,424242,10,1,random-connected:424242:10:2,2,False,True,0,8.0,success,success,0,valid,,,40679291,40631374,7,7,10,1,16,6,3,2,5,6,0,0,,,4,,,,2,2,,,0,11916,14875,5208,,4000,,,1666,542,166,9834,2125,4917,47917,,,,,16,6,,,5,6,2,7,9,12,
1,paper-scaling,random-connected,explicit-c0-flow,DominanceEmbedding::explicit_graph + C0 edge bicliques + explicit flow construction/execution/cover recovery + indexed completion,424242,10,1,random-connected:424242:10:2,2,False,True,1,8.0,success,success,0,valid,,,41410958,41338083,7,7,10,1,16,6,3,2,5,6,6,12,13,17,4,0,0,0,2,2,13,17,0,11125,18000,5625,2875,2875,13000,2459,7334,375,84,9166,1917,4251,72875,,,,,16,6,,,5,6,2,7,9,12,
1,paper-scaling,random-connected,compact-mrd,dominance::biclique::experiment::construct + compressed flow construction/execution/cover recovery + indexed completion,424242,10,1,random-connected:424242:10:2,2,False,True,2,8.0,success,success,0,valid,,,39942667,39867792,7,7,10,1,16,6,3,2,5,,2,7,9,12,4,0,0,0,2,2,,,0,12709,18417,4917,2792,,15417,3250,5708,458,125,10708,1750,6209,74875,,,,,16,6,,,5,6,2,7,9,12,
1,paper-scaling,random-connected,exact-cover-oracle,exact-cover-oracle::solve (independent bitset branch-and-bound),424242,10,1,random-connected:424242:10:2,2,False,True,3,8.0,success,success,0,valid,,,41413083,41372375,7,7,10,1,16,6,0,0,0,,0,0,,,4,,,,,,,,0,11542,,,,,,,38666,,,,,917,40708,,,,,16,6,,,5,6,2,7,9,12,
1,paper-scaling,dense-conflict,explicit-hopcroft-karp,sg-oracle::grid::build_conflict_graph + Hopcroft-Karp + Konig cover + indexed completion,424242,4,1,dense-conflict:424242:4:0,0,True,False,0,8.0,success,success,0,valid,,,41567667,41460334,9,9,57,1,36,16,8,8,16,32,0,0,,,9,,,,8,8,,,0,11250,40417,6500,,5417,,,2333,375,208,36250,4000,5667,107333,,,,,,,,,,,,,,,
1,paper-scaling,dense-conflict,exact-cover-oracle,exact-cover-oracle::solve (bitset branch-and-bound; predeclared cell limit),424242,4,1,dense-conflict:424242:4:0,0,True,False,1,8.0,unsupported,unsupported,0,unsupported,foreground cell count 57 exceeds oracle limit 40,,41024000,,9,9,57,1,36,16,,,,,,,,,,,,,,,,,0,11000,,,,,,,,,,,,,,,,,,,,,,,,,,,,
1,paper-scaling,dense-conflict,explicit-c0-flow,DominanceEmbedding::explicit_graph + C0 edge bicliques + explicit flow construction/execution/cover recovery + indexed completion,424242,4,1,dense-conflict:424242:4:0,0,True,False,2,8.0,success,success,0,valid,,,39458833,39322374,9,9,57,1,36,16,8,8,16,32,32,64,50,80,9,0,0,0,8,8,50,80,0,10083,32000,6000,3084,4334,36333,6250,12958,500,166,16917,3666,5833,136459,,,,,,,,,,,,,,,
1,paper-scaling,dense-conflict,compact-mrd,dominance::biclique::experiment::construct + compressed flow construction/execution/cover recovery + indexed completion,424242,4,1,dense-conflict:424242:4:0,0,True,False,3,8.0,success,success,0,valid,,,40334250,40188584,9,9,57,1,36,16,8,8,16,,17,40,35,56,9,0,0,0,8,8,,,0,9333,35333,6708,3375,,41417,5708,12334,1292,208,18292,6000,6875,145666,,,,,,,,,,,,,,,
1,paper-scaling,dense-conflict,explicit-hopcroft-karp,sg-oracle::grid::build_conflict_graph + Hopcroft-Karp + Konig cover + indexed completion,424242,4,1,dense-conflict:424242:4:0,0,False,True,0,8.0,success,success,0,valid,,,42420791,42341041,9,9,57,1,36,16,8,8,16,32,0,0,,,9,,,,8,8,,,0,9042,33875,6334,,4416,,,2125,458,209,16875,3708,5499,79750,,,,,36,16,,,16,32,17,40,35,56,
1,paper-scaling,dense-conflict,exact-cover-oracle,exact-cover-oracle::solve (bitset branch-and-bound; predeclared cell limit),424242,4,1,dense-conflict:424242:4:0,0,False,True,1,8.0,unsupported,unsupported,0,unsupported,foreground cell count 57 exceeds oracle limit 40,,41455625,,9,9,57,1,36,16,,,,,,,,,,,,,,,,,0,10041,,,,,,,,,,,,,,,,,,36,16,,,16,32,17,40,35,56,
1,paper-scaling,dense-conflict,explicit-c0-flow,DominanceEmbedding::explicit_graph + C0 edge bicliques + explicit flow construction/execution/cover recovery + indexed completion,424242,4,1,dense-conflict:424242:4:0,0,False,True,2,8.0,success,success,0,valid,,,39355959,39230209,9,9,57,1,36,16,8,8,16,32,32,64,50,80,9,0,0,0,8,8,50,80,0,9083,33417,6209,3417,3833,25000,4000,13167,1166,209,16917,3958,5959,125750,,,,,36,16,,,16,32,17,40,35,56,
1,paper-scaling,dense-conflict,compact-mrd,dominance::biclique::experiment::construct + compressed flow construction/execution/cover recovery + indexed completion,424242,4,1,dense-conflict:424242:4:0,0,False,True,3,8.0,success,success,0,valid,,,43737917,43490334,9,9,57,1,36,16,8,8,16,,17,40,35,56,9,0,0,0,8,8,,,0,15542,72625,12542,5375,,64459,9375,19917,792,250,31042,7125,10416,247583,,,,,36,16,,,16,32,17,40,35,56,
1,paper-scaling,dense-conflict,explicit-hopcroft-karp,sg-oracle::grid::build_conflict_graph + Hopcroft-Karp + Konig cover + indexed completion,424242,4,1,dense-conflict:424242:4:1,1,False,True,0,8.0,success,success,0,valid,,,43725792,43639376,9,9,57,1,36,16,8,8,16,32,0,0,,,9,,,,8,8,,,0,9417,35125,7125,,4958,,,3250,375,83,18334,3750,7083,86416,,,,,36,16,,,16,32,17,40,35,56,
1,paper-scaling,dense-conflict,exact-cover-oracle,exact-cover-oracle::solve (bitset branch-and-bound; predeclared cell limit),424242,4,1,dense-conflict:424242:4:1,1,False,True,1,8.0,unsupported,unsupported,0,unsupported,foreground cell count 57 exceeds oracle limit 40,,41468208,,9,9,57,1,36,16,,,,,,,,,,,,,,,,,0,9458,,,,,,,,,,,,,,,,,,36,16,,,16,32,17,40,35,56,
1,paper-scaling,dense-conflict,explicit-c0-flow,DominanceEmbedding::explicit_graph + C0 edge bicliques + explicit flow construction/execution/cover recovery + indexed completion,424242,4,1,dense-conflict:424242:4:1,1,False,True,2,8.0,success,success,0,valid,,,39853750,39726541,9,9,57,1,36,16,8,8,16,32,32,64,50,80,9,0,0,0,8,8,50,80,0,8875,31792,5875,4041,3625,26250,4333,13958,709,917,16875,3875,6250,127209,,,,,36,16,,,16,32,17,40,35,56,
1,paper-scaling,dense-conflict,compact-mrd,dominance::biclique::experiment::construct + compressed flow construction/execution/cover recovery + indexed completion,424242,4,1,dense-conflict:424242:4:1,1,False,True,3,8.0,success,success,0,valid,,,42533958,42389458,9,9,57,1,36,16,8,8,16,,17,40,35,56,9,0,0,0,8,8,,,0,11166,36500,8125,3500,,43167,4958,11125,625,167,18458,4333,5625,144500,,,,,36,16,,,16,32,17,40,35,56,
1,paper-scaling,dense-conflict,explicit-hopcroft-karp,sg-oracle::grid::build_conflict_graph + Hopcroft-Karp + Konig cover + indexed completion,424242,4,1,dense-conflict:424242:4:2,2,False,True,0,8.0,success,success,0,valid,,,41899500,41816458,9,9,57,1,36,16,8,8,16,32,0,0,,,9,,,,8,8,,,0,9542,35333,6417,,4584,,,2750,292,167,17250,3750,6458,83042,,,,,36,16,,,16,32,17,40,35,56,
1,paper-scaling,dense-conflict,exact-cover-oracle,exact-cover-oracle::solve (bitset branch-and-bound; predeclared cell limit),424242,4,1,dense-conflict:424242:4:2,2,False,True,1,8.0,unsupported,unsupported,0,unsupported,foreground cell count 57 exceeds oracle limit 40,,40366875,,9,9,57,1,36,16,,,,,,,,,,,,,,,,,0,9084,,,,,,,,,,,,,,,,,,36,16,,,16,32,17,40,35,56,
1,paper-scaling,dense-conflict,explicit-c0-flow,DominanceEmbedding::explicit_graph + C0 edge bicliques + explicit flow construction/execution/cover recovery + indexed completion,424242,4,1,dense-conflict:424242:4:2,2,False,True,2,8.0,success,success,0,valid,,,41762292,41625917,9,9,57,1,36,16,8,8,16,32,32,64,50,80,9,0,0,0,8,8,50,80,0,10792,35125,6625,3375,4125,27791,6250,14250,791,209,18541,4167,6667,136375,,,,,36,16,,,16,32,17,40,35,56,
1,paper-scaling,dense-conflict,compact-mrd,dominance::biclique::experiment::construct + compressed flow construction/execution/cover recovery + indexed completion,424242,4,1,dense-conflict:424242:4:2,2,False,True,3,8.0,success,success,0,valid,,,41585666,41457958,9,9,57,1,36,16,8,8,16,,17,40,35,56,9,0,0,0,8,8,,,0,9542,31875,6125,3209,,37459,4125,10084,666,209,16458,3834,5708,127708,,,,,36,16,,,16,32,17,40,35,56,
1,paper-scaling,dense-conflict,explicit-hopcroft-karp,sg-oracle::grid::build_conflict_graph + Hopcroft-Karp + Konig cover + indexed completion,424242,6,1,dense-conflict:424242:6:0,0,True,False,0,8.0,success,success,0,valid,,,42020875,41919833,11,11,93,1,52,24,12,12,24,60,0,0,,,13,,,,12,12,,,0,10292,44208,7708,,5209,,,3208,417,167,21625,4250,7292,101042,,,,,,,,,,,,,,,
1,paper-scaling,dense-conflict,exact-cover-oracle,exact-cover-oracle::solve (bitset branch-and-bound; predeclared cell limit),424242,6,1,dense-conflict:424242:6:0,0,True,False,1,8.0,unsupported,unsupported,0,unsupported,foreground cell count 93 exceeds oracle limit 40,,41476041,,11,11,93,1,52,24,,,,,,,,,,,,,,,,,0,8500,,,,,,,,,,,,,,,,,,,,,,,,,,,,
1,paper-scaling,dense-conflict,explicit-c0-flow,DominanceEmbedding::explicit_graph + C0 edge bicliques + explicit flow construction/execution/cover recovery + indexed completion,424242,6,1,dense-conflict:424242:6:0,0,True,False,2,8.0,success,success,0,valid,,,40393750,40220959,11,11,93,1,52,24,12,12,24,60,60,120,86,144,13,0,0,0,12,12,86,144,0,15709,48666,11250,3875,4667,37542,4875,17500,667,125,20917,4333,7208,172791,,,,,,,,,,,,,,,
1,paper-scaling,dense-conflict,compact-mrd,dominance::biclique::experiment::construct + compressed flow construction/execution/cover recovery + indexed completion,424242,6,1,dense-conflict:424242:6:0,0,True,False,3,8.0,success,success,0,valid,,,40889750,40712292,11,11,93,1,52,24,12,12,24,,24,66,50,90,13,0,0,0,12,12,,,0,9667,43375,8292,3292,,61166,5625,13833,625,209,20208,4125,7250,177458,,,,,,,,,,,,,,,
1,paper-scaling,dense-conflict,explicit-hopcroft-karp,sg-oracle::grid::build_conflict_graph + Hopcroft-Karp + Konig cover + indexed completion,424242,6,1,dense-conflict:424242:6:0,0,False,True,0,8.0,success,success,0,valid,,,40940333,40819458,11,11,93,1,52,24,12,12,24,60,0,0,,,13,,,,12,12,,,0,10083,59958,8833,,5542,,,2791,333,209,23125,4416,7959,120875,,,,,52,24,,,24,60,24,66,50,90,
1,paper-scaling,dense-conflict,exact-cover-oracle,exact-cover-oracle::solve (bitset branch-and-bound; predeclared cell limit),424242,6,1,dense-conflict:424242:6:0,0,False,True,1,8.0,unsupported,unsupported,0,unsupported,foreground cell count 93 exceeds oracle limit 40,,41657708,,11,11,93,1,52,24,,,,,,,,,,,,,,,,,0,8958,,,,,,,,,,,,,,,,,,52,24,,,24,60,24,66,50,90,
1,paper-scaling,dense-conflict,explicit-c0-flow,DominanceEmbedding::explicit_graph + C0 edge bicliques + explicit flow construction/execution/cover recovery + indexed completion,424242,6,1,dense-conflict:424242:6:0,0,False,True,2,8.0,success,success,0,valid,,,41557042,41370334,11,11,93,1,52,24,12,12,24,60,60,120,86,144,13,0,0,0,12,12,86,144,0,11708,46875,10250,3916,5042,45625,6917,19083,541,208,22375,4875,6582,186708,,,,,52,24,,,24,60,24,66,50,90,
1,paper-scaling,dense-conflict,compact-mrd,dominance::biclique::experiment::construct + compressed flow construction/execution/cover recovery + indexed completion,424242,6,1,dense-conflict:424242:6:0,0,False,True,3,8.0,success,success,0,valid,,,42220000,42011375,11,11,93,1,52,24,12,12,24,,24,66,50,90,13,0,0,0,12,12,,,0,10084,49833,8458,4250,,75208,5959,16042,583,250,23875,4875,7667,208625,,,,,52,24,,,24,60,24,66,50,90,
1,paper-scaling,dense-conflict,explicit-hopcroft-karp,sg-oracle::grid::build_conflict_graph + Hopcroft-Karp + Konig cover + indexed completion,424242,6,1,dense-conflict:424242:6:1,1,False,True,0,8.0,success,success,0,valid,,,42752291,42653291,11,11,93,1,52,24,12,12,24,60,0,0,,,13,,,,12,12,,,0,9333,43416,8375,,5125,,,3250,375,167,20417,4542,5791,99000,,,,,52,24,,,24,60,24,66,50,90,
1,paper-scaling,dense-conflict,exact-cover-oracle,exact-cover-oracle::solve (bitset branch-and-bound; predeclared cell limit),424242,6,1,dense-conflict:424242:6:1,1,False,True,1,8.0,unsupported,unsupported,0,unsupported,foreground cell count 93 exceeds oracle limit 40,,40582125,,11,11,93,1,52,24,,,,,,,,,,,,,,,,,0,9542,,,,,,,,,,,,,,,,,,52,24,,,24,60,24,66,50,90,
1,paper-scaling,dense-conflict,explicit-c0-flow,DominanceEmbedding::explicit_graph + C0 edge bicliques + explicit flow construction/execution/cover recovery + indexed completion,424242,6,1,dense-conflict:424242:6:1,1,False,True,2,8.0,success,success,0,valid,,,41198333,41034167,11,11,93,1,52,24,12,12,24,60,60,120,86,144,13,0,0,0,12,12,86,144,0,9416,41375,9375,3375,4584,38959,5833,17250,750,125,19875,4375,6000,164166,,,,,52,24,,,24,60,24,66,50,90,
1,paper-scaling,dense-conflict,compact-mrd,dominance::biclique::experiment::construct + compressed flow construction/execution/cover recovery + indexed completion,424242,6,1,dense-conflict:424242:6:1,1,False,True,3,8.0,success,success,0,valid,,,42625458,42448125,11,11,93,1,52,24,12,12,24,,24,66,50,90,13,0,0,0,12,12,,,0,9792,43166,7542,3667,,62209,5916,13834,750,250,20334,4166,6500,177333,,,,,52,24,,,24,60,24,66,50,90,
1,paper-scaling,dense-conflict,explicit-hopcroft-karp,sg-oracle::grid::build_conflict_graph + Hopcroft-Karp + Konig cover + indexed completion,424242,6,1,dense-conflict:424242:6:2,2,False,True,0,8.0,success,success,0,valid,,,43618458,43503125,11,11,93,1,52,24,12,12,24,60,0,0,,,13,,,,12,12,,,0,11833,50750,9958,,5750,,,3625,542,125,23584,5500,7874,115333,,,,,52,24,,,24,60,24,66,50,90,
1,paper-scaling,dense-conflict,exact-cover-oracle,exact-cover-oracle::solve (bitset branch-and-bound; predeclared cell limit),424242,6,1,dense-conflict:424242:6:2,2,False,True,1,8.0,unsupported,unsupported,0,unsupported,foreground cell count 93 exceeds oracle limit 40,,42530416,,11,11,93,1,52,24,,,,,,,,,,,,,,,,,0,10916,,,,,,,,,,,,,,,,,,52,24,,,24,60,24,66,50,90,
1,paper-scaling,dense-conflict,explicit-c0-flow,DominanceEmbedding::explicit_graph + C0 edge bicliques + explicit flow construction/execution/cover recovery + indexed completion,424242,6,1,dense-conflict:424242:6:2,2,False,True,2,8.0,success,success,0,valid,,,42586708,42422083,11,11,93,1,52,24,12,12,24,60,60,120,86,144,13,0,0,0,12,12,86,144,0,10792,42291,8042,3583,4500,39833,6167,16583,667,84,19875,4083,6250,164625,,,,,52,24,,,24,60,24,66,50,90,
1,paper-scaling,dense-conflict,compact-mrd,dominance::biclique::experiment::construct + compressed flow construction/execution/cover recovery + indexed completion,424242,6,1,dense-conflict:424242:6:2,2,False,True,3,8.0,success,success,0,valid,,,40247833,40060458,11,11,93,1,52,24,12,12,24,,24,66,50,90,13,0,0,0,12,12,,,0,9708,46500,9750,3792,,64375,4792,14041,542,84,21000,5208,7875,187375,,,,,52,24,,,24,60,24,66,50,90,
1,paper-scaling,dense-conflict,explicit-hopcroft-karp,sg-oracle::grid::build_conflict_graph + Hopcroft-Karp + Konig cover + indexed completion,424242,8,1,dense-conflict:424242:8:0,0,True,False,0,8.0,success,success,0,valid,,,42113667,41970001,13,13,137,1,68,32,16,16,32,96,0,0,,,17,,,,16,16,,,0,10709,61417,8791,,7792,,,3041,542,208,38709,5458,8250,143666,,,,,,,,,,,,,,,
1,paper-scaling,dense-conflict,exact-cover-oracle,exact-cover-oracle::solve (bitset branch-and-bound; predeclared cell limit),424242,8,1,dense-conflict:424242:8:0,0,True,False,1,8.0,unsupported,unsupported,0,unsupported,foreground cell count 137 exceeds oracle limit 40,,41210458,,13,13,137,1,68,32,,,,,,,,,,,,,,,,,0,13875,,,,,,,,,,,,,,,,,,,,,,,,,,,,
1,paper-scaling,dense-conflict,explicit-c0-flow,DominanceEmbedding::explicit_graph + C0 edge bicliques + explicit flow construction/execution/cover recovery + indexed completion,424242,8,1,dense-conflict:424242:8:0,0,True,False,2,8.0,success,success,0,valid,,,41997333,41791125,13,13,137,1,68,32,16,16,32,96,96,192,130,224,17,0,0,0,16,16,130,224,0,11166,55792,8458,3667,6417,50250,7417,20208,1083,125,26500,4917,7584,206208,,,,,,,,,,,,,,,
1,paper-scaling,dense-conflict,compact-mrd,dominance::biclique::experiment::construct + compressed flow construction/execution/cover recovery + indexed completion,424242,8,1,dense-conflict:424242:8:0,0,True,False,3,8.0,success,success,0,valid,,,42294959,42058042,13,13,137,1,68,32,16,16,32,,24,84,58,116,17,0,0,0,16,16,,,0,9750,61417,9125,3791,,84209,5458,17625,625,291,29916,5250,7042,236917,,,,,,,,,,,,,,,
1,paper-scaling,dense-conflict,explicit-hopcroft-karp,sg-oracle::grid::build_conflict_graph + Hopcroft-Karp + Konig cover + indexed completion,424242,8,1,dense-conflict:424242:8:0,0,False,True,0,8.0,success,success,0,valid,,,40754917,40632917,13,13,137,1,68,32,16,16,32,96,0,0,,,17,,,,16,16,,,0,9084,56083,8042,,6667,,,3250,375,166,26042,4875,7667,122000,,,,,68,32,,,32,96,24,84,58,116,
1,paper-scaling,dense-conflict,exact-cover-oracle,exact-cover-oracle::solve (bitset branch-and-bound; predeclared cell limit),424242,8,1,dense-conflict:424242:8:0,0,False,True,1,8.0,unsupported,unsupported,0,unsupported,foreground cell count 137 exceeds oracle limit 40,,41486083,,13,13,137,1,68,32,,,,,,,,,,,,,,,,,0,9958,,,,,,,,,,,,,,,,,,68,32,,,32,96,24,84,58,116,
1,paper-scaling,dense-conflict,explicit-c0-flow,DominanceEmbedding::explicit_graph + C0 edge bicliques + explicit flow construction/execution/cover recovery + indexed completion,424242,8,1,dense-conflict:424242:8:0,0,False,True,2,8.0,success,success,0,valid,,,40461833,40244000,13,13,137,1,68,32,16,16,32,96,96,192,130,224,17,0,0,0,16,16,130,224,0,9292,62292,9333,3625,6875,52250,9083,20417,750,166,26000,5042,6666,217833,,,,,68,32,,,32,96,24,84,58,116,
1,paper-scaling,dense-conflict,compact-mrd,dominance::biclique::experiment::construct + compressed flow construction/execution/cover recovery + indexed completion,424242,8,1,dense-conflict:424242:8:0,0,False,True,3,8.0,success,success,0,valid,,,41131458,40896958,13,13,137,1,68,32,16,16,32,,24,84,58,116,17,0,0,0,16,16,,,0,11083,60250,8542,4000,,85166,5500,17125,667,250,28333,6417,7000,234500,,,,,68,32,,,32,96,24,84,58,116,
1,paper-scaling,dense-conflict,explicit-hopcroft-karp,sg-oracle::grid::build_conflict_graph + Hopcroft-Karp + Konig cover + indexed completion,424242,8,1,dense-conflict:424242:8:1,1,False,True,0,8.0,success,success,0,valid,,,41635500,41505875,13,13,137,1,68,32,16,16,32,96,0,0,,,17,,,,16,16,,,0,10417,59209,9959,,6584,,,3083,291,167,27541,5334,8166,129625,,,,,68,32,,,32,96,24,84,58,116,
1,paper-scaling,dense-conflict,exact-cover-oracle,exact-cover-oracle::solve (bitset branch-and-bound; predeclared cell limit),424242,8,1,dense-conflict:424242:8:1,1,False,True,1,8.0,unsupported,unsupported,0,unsupported,foreground cell count 137 exceeds oracle limit 40,,41247584,,13,13,137,1,68,32,,,,,,,,,,,,,,,,,0,8667,,,,,,,,,,,,,,,,,,68,32,,,32,96,24,84,58,116,
1,paper-scaling,dense-conflict,explicit-c0-flow,DominanceEmbedding::explicit_graph + C0 edge bicliques + explicit flow construction/execution/cover recovery + indexed completion,424242,8,1,dense-conflict:424242:8:1,1,False,True,2,8.0,success,success,0,valid,,,41764667,41547125,13,13,137,1,68,32,16,16,32,96,96,192,130,224,17,0,0,0,16,16,130,224,0,10125,59292,9083,3666,6458,52459,6292,22083,708,209,27417,5208,7624,217542,,,,,68,32,,,32,96,24,84,58,116,
1,paper-scaling,dense-conflict,compact-mrd,dominance::biclique::experiment::construct + compressed flow construction/execution/cover recovery + indexed completion,424242,8,1,dense-conflict:424242:8:1,1,False,True,3,8.0,success,success,0,valid,,,41474750,41270709,13,13,137,1,68,32,16,16,32,,24,84,58,116,17,0,0,0,16,16,,,0,9125,53500,8208,3416,,73667,4208,14917,792,167,24583,5500,6042,204041,,,,,68,32,,,32,96,24,84,58,116,
1,paper-scaling,dense-conflict,explicit-hopcroft-karp,sg-oracle::grid::build_conflict_graph + Hopcroft-Karp + Konig cover + indexed completion,424242,8,1,dense-conflict:424242:8:2,2,False,True,0,8.0,success,success,0,valid,,,42433250,42293875,13,13,137,1,68,32,16,16,32,96,0,0,,,17,,,,16,16,,,0,11542,63166,9459,,8000,,,3333,500,166,29375,7084,8375,139375,,,,,68,32,,,32,96,24,84,58,116,
1,paper-scaling,dense-conflict,exact-cover-oracle,exact-cover-oracle::solve (bitset branch-and-bound; predeclared cell limit),424242,8,1,dense-conflict:424242:8:2,2,False,True,1,8.0,unsupported,unsupported,0,unsupported,foreground cell count 137 exceeds oracle limit 40,,42332292,,13,13,137,1,68,32,,,,,,,,,,,,,,,,,0,10542,,,,,,,,,,,,,,,,,,68,32,,,32,96,24,84,58,116,
1,paper-scaling,dense-conflict,explicit-c0-flow,DominanceEmbedding::explicit_graph + C0 edge bicliques + explicit flow construction/execution/cover recovery + indexed completion,424242,8,1,dense-conflict:424242:8:2,2,False,True,2,8.0,success,success,0,valid,,,40287625,40091625,13,13,137,1,68,32,16,16,32,96,96,192,130,224,17,0,0,0,16,16,130,224,0,9041,53875,8833,3458,5667,45916,5834,20708,708,83,24458,4792,7417,196000,,,,,68,32,,,32,96,24,84,58,116,
1,paper-scaling,dense-conflict,compact-mrd,dominance::biclique::experiment::construct + compressed flow construction/execution/cover recovery + indexed completion,424242,8,1,dense-conflict:424242:8:2,2,False,True,3,8.0,success,success,0,valid,,,42221291,41978457,13,13,137,1,68,32,16,16,32,,24,84,58,116,17,0,0,0,16,16,,,0,11042,67625,9625,3875,,87250,5000,17042,750,209,27167,6208,7083,242834,,,,,68,32,,,32,96,24,84,58,116,
1,paper-scaling,dense-conflict,explicit-hopcroft-karp,sg-oracle::grid::build_conflict_graph + Hopcroft-Karp + Konig cover + indexed completion,424242,10,1,dense-conflict:424242:10:0,0,True,False,0,8.0,success,success,0,valid,,,41793000,41624167,15,15,189,1,84,40,20,20,40,140,0,0,,,21,,,,20,20,,,0,10416,72125,11208,,8042,,,3459,541,167,31375,24250,7458,168833,,,,,,,,,,,,,,,
1,paper-scaling,dense-conflict,exact-cover-oracle,exact-cover-oracle::solve (bitset branch-and-bound; predeclared cell limit),424242,10,1,dense-conflict:424242:10:0,0,True,False,1,8.0,unsupported,unsupported,0,unsupported,foreground cell count 189 exceeds oracle limit 40,,41710459,,15,15,189,1,84,40,,,,,,,,,,,,,,,,,0,8958,,,,,,,,,,,,,,,,,,,,,,,,,,,,
1,paper-scaling,dense-conflict,explicit-c0-flow,DominanceEmbedding::explicit_graph + C0 edge bicliques + explicit flow construction/execution/cover recovery + indexed completion,424242,10,1,dense-conflict:424242:10:0,0,True,False,2,8.0,success,success,0,valid,,,40713458,40448583,15,15,189,1,84,40,20,20,40,140,140,280,182,320,21,0,0,0,20,20,182,320,0,8917,66625,10583,3666,7042,73666,7042,23625,750,125,34042,6917,8958,264875,,,,,,,,,,,,,,,
1,paper-scaling,dense-conflict,compact-mrd,dominance::biclique::experiment::construct + compressed flow construction/execution/cover recovery + indexed completion,424242,10,1,dense-conflict:424242:10:0,0,True,False,3,8.0,success,success,0,valid,,,42021958,41757916,15,15,189,1,84,40,20,20,40,,40,121,82,161,21,0,0,0,20,20,,,0,9167,69625,10875,3584,,97750,6500,18625,833,167,28209,6875,7499,264042,,,,,,,,,,,,,,,
1,paper-scaling,dense-conflict,explicit-hopcroft-karp,sg-oracle::grid::build_conflict_graph + Hopcroft-Karp + Konig cover + indexed completion,424242,10,1,dense-conflict:424242:10:0,0,False,True,0,8.0,success,success,0,valid,,,40457500,40303666,15,15,189,1,84,40,20,20,40,140,0,0,,,21,,,,20,20,,,0,11292,76042,10375,,6875,,,3000,875,167,31459,7000,7375,153834,,,,,84,40,,,40,140,40,121,82,161,
1,paper-scaling,dense-conflict,exact-cover-oracle,exact-cover-oracle::solve (bitset branch-and-bound; predeclared cell limit),424242,10,1,dense-conflict:424242:10:0,0,False,True,1,8.0,unsupported,unsupported,0,unsupported,foreground cell count 189 exceeds oracle limit 40,,41751209,,15,15,189,1,84,40,,,,,,,,,,,,,,,,,0,9083,,,,,,,,,,,,,,,,,,84,40,,,40,140,40,121,82,161,
1,paper-scaling,dense-conflict,explicit-c0-flow,DominanceEmbedding::explicit_graph + C0 edge bicliques + explicit flow construction/execution/cover recovery + indexed completion,424242,10,1,dense-conflict:424242:10:0,0,False,True,2,8.0,success,success,0,valid,,,42253083,41982333,15,15,189,1,84,40,20,20,40,140,140,280,182,320,21,0,0,0,20,20,182,320,0,11084,72667,11416,3792,7500,72875,9750,23708,584,209,32583,7292,7292,270750,,,,,84,40,,,40,140,40,121,82,161,
1,paper-scaling,dense-conflict,compact-mrd,dominance::biclique::experiment::construct + compressed flow construction/execution/cover recovery + indexed completion,424242,10,1,dense-conflict:424242:10:0,0,False,True,3,8.0,success,success,0,valid,,,42166834,41889418,15,15,189,1,84,40,20,20,40,,40,121,82,161,21,0,0,0,20,20,,,0,10667,72500,9625,3875,,103250,6833,20416,875,208,31708,7334,7416,277416,,,,,84,40,,,40,140,40,121,82,161,
1,paper-scaling,dense-conflict,explicit-hopcroft-karp,sg-oracle::grid::build_conflict_graph + Hopcroft-Karp + Konig cover + indexed completion,424242,10,1,dense-conflict:424242:10:1,1,False,True,0,8.0,success,success,0,valid,,,42110791,41962207,15,15,189,1,84,40,20,20,40,140,0,0,,,21,,,,20,20,,,0,10625,71084,9166,,7625,,,3333,500,125,31584,7083,7500,148584,,,,,84,40,,,40,140,40,121,82,161,
1,paper-scaling,dense-conflict,exact-cover-oracle,exact-cover-oracle::solve (bitset branch-and-bound; predeclared cell limit),424242,10,1,dense-conflict:424242:10:1,1,False,True,1,8.0,unsupported,unsupported,0,unsupported,foreground cell count 189 exceeds oracle limit 40,,41502792,,15,15,189,1,84,40,,,,,,,,,,,,,,,,,0,9417,,,,,,,,,,,,,,,,,,84,40,,,40,140,40,121,82,161,
1,paper-scaling,dense-conflict,explicit-c0-flow,DominanceEmbedding::explicit_graph + C0 edge bicliques + explicit flow construction/execution/cover recovery + indexed completion,424242,10,1,dense-conflict:424242:10:1,1,False,True,2,8.0,success,success,0,valid,,,40931000,40661709,15,15,189,1,84,40,20,20,40,140,140,280,182,320,21,0,0,0,20,20,182,320,0,9959,76291,11167,3916,7000,70167,9125,24458,666,167,32583,7167,7708,269291,,,,,84,40,,,40,140,40,121,82,161,
1,paper-scaling,dense-conflict,compact-mrd,dominance::biclique::experiment::construct + compressed flow construction/execution/cover recovery + indexed completion,424242,10,1,dense-conflict:424242:10:1,1,False,True,3,8.0,success,success,0,valid,,,41744166,41482625,15,15,189,1,84,40,20,20,40,,40,121,82,161,21,0,0,0,20,20,,,0,9208,69375,10500,3625,,95792,7458,18375,625,167,28958,6583,6792,261541,,,,,84,40,,,40,140,40,121,82,161,
1,paper-scaling,dense-conflict,explicit-hopcroft-karp,sg-oracle::grid::build_conflict_graph + Hopcroft-Karp + Konig cover + indexed completion,424242,10,1,dense-conflict:424242:10:2,2,False,True,0,8.0,success,success,0,valid,,,41659917,41495792,15,15,189,1,84,40,20,20,40,140,0,0,,,21,,,,20,20,,,0,15166,78584,11250,,8292,,,3500,458,459,34625,7500,8125,164125,,,,,84,40,,,40,140,40,121,82,161,
1,paper-scaling,dense-conflict,exact-cover-oracle,exact-cover-oracle::solve (bitset branch-and-bound; predeclared cell limit),424242,10,1,dense-conflict:424242:10:2,2,False,True,1,8.0,unsupported,unsupported,0,unsupported,foreground cell count 189 exceeds oracle limit 40,,41943375,,15,15,189,1,84,40,,,,,,,,,,,,,,,,,0,10500,,,,,,,,,,,,,,,,,,84,40,,,40,140,40,121,82,161,
1,paper-scaling,dense-conflict,explicit-c0-flow,DominanceEmbedding::explicit_graph + C0 edge bicliques + explicit flow construction/execution/cover recovery + indexed completion,424242,10,1,dense-conflict:424242:10:2,2,False,True,2,8.0,success,success,0,valid,,,41631625,41348375,15,15,189,1,84,40,20,20,40,140,140,280,182,320,21,0,0,0,20,20,182,320,0,11625,79334,11792,4041,6958,76209,10125,25209,625,125,33417,8708,7834,283250,,,,,84,40,,,40,140,40,121,82,161,
1,paper-scaling,dense-conflict,compact-mrd,dominance::biclique::experiment::construct + compressed flow construction/execution/cover recovery + indexed completion,424242,10,1,dense-conflict:424242:10:2,2,False,True,3,8.0,success,success,0,valid,,,41295209,41006709,15,15,189,1,84,40,20,20,40,,40,121,82,161,21,0,0,0,20,20,,,0,11750,71583,9542,4041,,110042,6417,22083,875,166,32833,7583,8292,288500,,,,,84,40,,,40,140,40,121,82,161,
1,paper-scaling,representation-crossover,exact-cover-oracle,exact-cover-oracle::solve (bitset branch-and-bound; predeclared cell limit),424242,4,1,representation-crossover:424242:4:0,0,True,False,0,8.0,unsupported,unsupported,0,unsupported,foreground cell count 1676 exceeds oracle limit 40,,41236208,,42,42,1676,1,68,32,,,,,,,,,,,,,,,,,0,7958,,,,,,,,,,,,,,,,,,,,,,,,,,,,
1,paper-scaling,representation-crossover,explicit-c0-flow,DominanceEmbedding::explicit_graph + C0 edge bicliques + explicit flow construction/execution/cover recovery + indexed completion,424242,4,1,representation-crossover:424242:4:0,0,True,False,1,8.0,success,success,0,valid,,,42809416,42117958,42,42,1676,1,68,32,8,8,16,64,64,128,82,144,25,0,0,0,8,8,82,144,0,7750,393208,8083,3416,4333,42584,6875,14708,542,167,148708,20792,23083,691458,,,,,,,,,,,,,,,
1,paper-scaling,representation-crossover,compact-mrd,dominance::biclique::experiment::construct + compressed flow construction/execution/cover recovery + indexed completion,424242,4,1,representation-crossover:424242:4:0,0,True,False,2,8.0,success,success,0,valid,,,42463250,41822041,42,42,1676,1,68,32,8,8,16,,1,16,19,32,25,0,0,0,8,8,,,0,8167,378167,9500,3834,,17875,3750,8292,500,166,154292,20833,24458,641209,,,,,,,,,,,,,,,
1,paper-scaling,representation-crossover,explicit-hopcroft-karp,sg-oracle::grid::build_conflict_graph + Hopcroft-Karp + Konig cover + indexed completion,424242,4,1,representation-crossover:424242:4:0,0,True,False,3,8.0,success,success,0,valid,,,42826000,42257208,42,42,1676,1,68,32,8,8,16,64,0,0,,,25,,,,8,8,,,0,8167,349417,7750,,4542,,,3334,500,167,143458,19708,21708,568792,,,,,,,,,,,,,,,
1,paper-scaling,representation-crossover,exact-cover-oracle,exact-cover-oracle::solve (bitset branch-and-bound; predeclared cell limit),424242,4,1,representation-crossover:424242:4:0,0,False,True,0,8.0,unsupported,unsupported,0,unsupported,foreground cell count 1676 exceeds oracle limit 40,,41892958,,42,42,1676,1,68,32,,,,,,,,,,,,,,,,,0,8750,,,,,,,,,,,,,,,,,,68,32,,,16,64,1,16,19,32,
1,paper-scaling,representation-crossover,explicit-c0-flow,DominanceEmbedding::explicit_graph + C0 edge bicliques + explicit flow construction/execution/cover recovery + indexed completion,424242,4,1,representation-crossover:424242:4:0,0,False,True,1,8.0,success,success,0,valid,,,42648959,42036209,42,42,1676,1,68,32,8,8,16,64,64,128,82,144,25,0,0,0,8,8,82,144,0,7542,332500,7458,3250,3791,37083,4917,14958,500,125,139042,19666,21334,612750,,,,,68,32,,,16,64,1,16,19,32,
1,paper-scaling,representation-crossover,compact-mrd,dominance::biclique::experiment::construct + compressed flow construction/execution/cover recovery + indexed completion,424242,4,1,representation-crossover:424242:4:0,0,False,True,2,8.0,success,success,0,valid,,,44872959,44146459,42,42,1676,1,68,32,8,8,16,,1,16,19,32,25,0,0,0,8,8,,,0,10166,431042,9542,3625,,20416,4041,8667,667,208,173958,24459,26542,726500,,,,,68,32,,,16,64,1,16,19,32,
1,paper-scaling,representation-crossover,explicit-hopcroft-karp,sg-oracle::grid::build_conflict_graph + Hopcroft-Karp + Konig cover + indexed completion,424242,4,1,representation-crossover:424242:4:0,0,False,True,3,8.0,success,success,0,valid,,,43172166,42586208,42,42,1676,1,68,32,8,8,16,64,0,0,,,25,,,,8,8,,,0,9083,355125,8208,,4833,,,3167,416,125,150000,20875,23250,585958,,,,,68,32,,,16,64,1,16,19,32,
1,paper-scaling,representation-crossover,exact-cover-oracle,exact-cover-oracle::solve (bitset branch-and-bound; predeclared cell limit),424242,4,1,representation-crossover:424242:4:1,1,False,True,0,8.0,unsupported,unsupported,0,unsupported,foreground cell count 1676 exceeds oracle limit 40,,41748584,,42,42,1676,1,68,32,,,,,,,,,,,,,,,,,0,9541,,,,,,,,,,,,,,,,,,68,32,,,16,64,1,16,19,32,
1,paper-scaling,representation-crossover,explicit-c0-flow,DominanceEmbedding::explicit_graph + C0 edge bicliques + explicit flow construction/execution/cover recovery + indexed completion,424242,4,1,representation-crossover:424242:4:1,1,False,True,1,8.0,success,success,0,valid,,,41912542,41256667,42,42,1676,1,68,32,8,8,16,64,64,128,82,144,25,0,0,0,8,8,82,144,0,8917,361625,8125,3500,4083,40167,5500,15917,667,125,148625,21208,23000,655875,,,,,68,32,,,16,64,1,16,19,32,
1,paper-scaling,representation-crossover,compact-mrd,dominance::biclique::experiment::construct + compressed flow construction/execution/cover recovery + indexed completion,424242,4,1,representation-crossover:424242:4:1,1,False,True,2,8.0,success,success,0,valid,,,42518417,41914333,42,42,1676,1,68,32,8,8,16,,1,16,19,32,25,0,0,0,8,8,,,0,7084,349333,8375,3375,,18125,3542,7041,333,209,150458,20250,23917,604084,,,,,68,32,,,16,64,1,16,19,32,
1,paper-scaling,representation-crossover,explicit-hopcroft-karp,sg-oracle::grid::build_conflict_graph + Hopcroft-Karp + Konig cover + indexed completion,424242,4,1,representation-crossover:424242:4:1,1,False,True,3,8.0,success,success,0,valid,,,41703334,41070251,42,42,1676,1,68,32,8,8,16,64,0,0,,,25,,,,8,8,,,0,10042,395833,8458,,5000,,,2875,417,166,155458,21875,24000,633083,,,,,68,32,,,16,64,1,16,19,32,
1,paper-scaling,representation-crossover,exact-cover-oracle,exact-cover-oracle::solve (bitset branch-and-bound; predeclared cell limit),424242,4,1,representation-crossover:424242:4:2,2,False,True,0,8.0,unsupported,unsupported,0,unsupported,foreground cell count 1676 exceeds oracle limit 40,,41406875,,42,42,1676,1,68,32,,,,,,,,,,,,,,,,,0,8000,,,,,,,,,,,,,,,,,,68,32,,,16,64,1,16,19,32,
1,paper-scaling,representation-crossover,explicit-c0-flow,DominanceEmbedding::explicit_graph + C0 edge bicliques + explicit flow construction/execution/cover recovery + indexed completion,424242,4,1,representation-crossover:424242:4:2,2,False,True,1,8.0,success,success,0,valid,,,43488875,42853541,42,42,1676,1,68,32,8,8,16,64,64,128,82,144,25,0,0,0,8,8,82,144,0,8375,345500,7750,3459,4292,39166,5666,15417,667,83,146750,20500,23167,635334,,,,,68,32,,,16,64,1,16,19,32,
1,paper-scaling,representation-crossover,compact-mrd,dominance::biclique::experiment::construct + compressed flow construction/execution/cover recovery + indexed completion,424242,4,1,representation-crossover:424242:4:2,2,False,True,2,8.0,success,success,0,valid,,,42352709,41755667,42,42,1676,1,68,32,8,8,16,,1,16,19,32,25,0,0,0,8,8,,,0,8084,355250,8084,3209,,17416,3625,6917,458,292,142042,19916,22625,597042,,,,,68,32,,,16,64,1,16,19,32,
1,paper-scaling,representation-crossover,explicit-hopcroft-karp,sg-oracle::grid::build_conflict_graph + Hopcroft-Karp + Konig cover + indexed completion,424242,4,1,representation-crossover:424242:4:2,2,False,True,3,8.0,success,success,0,valid,,,41959084,41415167,42,42,1676,1,68,32,8,8,16,64,0,0,,,25,,,,8,8,,,0,8042,334709,7959,,4750,,,1958,375,167,136333,19209,21167,543917,,,,,68,32,,,16,64,1,16,19,32,
1,paper-scaling,representation-crossover,exact-cover-oracle,exact-cover-oracle::solve (bitset branch-and-bound; predeclared cell limit),424242,6,1,representation-crossover:424242:6:0,0,True,False,0,8.0,unsupported,unsupported,0,unsupported,foreground cell count 2956 exceeds oracle limit 40,,41875625,,56,56,2956,1,100,48,,,,,,,,,,,,,,,,,0,8625,,,,,,,,,,,,,,,,,,,,,,,,,,,,
1,paper-scaling,representation-crossover,explicit-c0-flow,DominanceEmbedding::explicit_graph + C0 edge bicliques + explicit flow construction/execution/cover recovery + indexed completion,424242,6,1,representation-crossover:424242:6:0,0,True,False,1,8.0,success,success,0,valid,,,43123041,42006457,56,56,2956,1,100,48,12,12,24,144,144,288,170,312,37,0,0,0,12,12,170,312,0,8792,622500,11125,3500,6708,75208,10000,19917,625,167,259000,32875,34584,1116584,,,,,,,,,,,,,,,
1,paper-scaling,representation-crossover,compact-mrd,dominance::biclique::experiment::construct + compressed flow construction/execution/cover recovery + indexed completion,424242,6,1,representation-crossover:424242:6:0,0,True,False,2,8.0,success,success,0,valid,,,44267459,43247959,56,56,2956,1,100,48,12,12,24,,1,24,27,48,37,0,0,0,12,12,,,0,7500,593042,10708,3792,,23542,3708,9375,541,125,270792,33625,37208,1019500,,,,,,,,,,,,,,,
1,paper-scaling,representation-crossover,explicit-hopcroft-karp,sg-oracle::grid::build_conflict_graph + Hopcroft-Karp + Konig cover + indexed completion,424242,6,1,representation-crossover:424242:6:0,0,True,False,3,8.0,success,success,0,valid,,,42786042,41918709,56,56,2956,1,100,48,12,12,24,144,0,0,,,37,,,,12,12,,,0,7791,530750,9250,,6000,,,2958,500,208,224375,28584,35458,867333,,,,,,,,,,,,,,,
1,paper-scaling,representation-crossover,exact-cover-oracle,exact-cover-oracle::solve (bitset branch-and-bound; predeclared cell limit),424242,6,1,representation-crossover:424242:6:0,0,False,True,0,8.0,unsupported,unsupported,0,unsupported,foreground cell count 2956 exceeds oracle limit 40,,42652541,,56,56,2956,1,100,48,,,,,,,,,,,,,,,,,0,9125,,,,,,,,,,,,,,,,,,100,48,,,24,144,1,24,27,48,
1,paper-scaling,representation-crossover,explicit-c0-flow,DominanceEmbedding::explicit_graph + C0 edge bicliques + explicit flow construction/execution/cover recovery + indexed completion,424242,6,1,representation-crossover:424242:6:0,0,False,True,1,8.0,success,success,0,valid,,,45383167,44310292,56,56,2956,1,100,48,12,12,24,144,144,288,170,312,37,0,0,0,12,12,170,312,0,8667,600417,10000,3625,6625,73500,10625,17833,666,125,244500,33583,33834,1072875,,,,,100,48,,,24,144,1,24,27,48,
1,paper-scaling,representation-crossover,compact-mrd,dominance::biclique::experiment::construct + compressed flow construction/execution/cover recovery + indexed completion,424242,6,1,representation-crossover:424242:6:0,0,False,True,2,8.0,success,success,0,valid,,,44323083,43317416,56,56,2956,1,100,48,12,12,24,,1,24,27,48,37,0,0,0,12,12,,,0,7875,594541,10792,3791,,23000,3792,9333,500,250,257292,32583,36292,1005667,,,,,100,48,,,24,144,1,24,27,48,
1,paper-scaling,representation-crossover,explicit-hopcroft-karp,sg-oracle::grid::build_conflict_graph + Hopcroft-Karp + Konig cover + indexed completion,424242,6,1,representation-crossover:424242:6:0,0,False,True,3,8.0,success,success,0,valid,,,43719916,42732791,56,56,2956,1,100,48,12,12,24,144,0,0,,,37,,,,12,12,,,0,8458,608333,10000,,7416,,,2417,459,167,257041,32417,36417,987125,,,,,100,48,,,24,144,1,24,27,48,
1,paper-scaling,representation-crossover,exact-cover-oracle,exact-cover-oracle::solve (bitset branch-and-bound; predeclared cell limit),424242,6,1,representation-crossover:424242:6:1,1,False,True,0,8.0,unsupported,unsupported,0,unsupported,foreground cell count 2956 exceeds oracle limit 40,,43603709,,56,56,2956,1,100,48,,,,,,,,,,,,,,,,,0,8959,,,,,,,,,,,,,,,,,,100,48,,,24,144,1,24,27,48,
1,paper-scaling,representation-crossover,explicit-c0-flow,DominanceEmbedding::explicit_graph + C0 edge bicliques + explicit flow construction/execution/cover recovery + indexed completion,424242,6,1,representation-crossover:424242:6:1,1,False,True,1,8.0,success,success,0,valid,,,43067625,41956666,56,56,2956,1,100,48,12,12,24,144,144,288,170,312,37,0,0,0,12,12,170,312,0,8209,615750,10708,3917,7209,75125,9667,21458,625,291,257208,32375,36000,1110959,,,,,100,48,,,24,144,1,24,27,48,
1,paper-scaling,representation-crossover,compact-mrd,dominance::biclique::experiment::construct + compressed flow construction/execution/cover recovery + indexed completion,424242,6,1,representation-crossover:424242:6:1,1,False,True,2,8.0,success,success,0,valid,,,44598250,43653459,56,56,2956,1,100,48,12,12,24,,1,24,27,48,37,0,0,0,12,12,,,0,8833,564459,9291,3875,,21541,3000,8375,542,208,241875,30000,32875,944791,,,,,100,48,,,24,144,1,24,27,48,
1,paper-scaling,representation-crossover,explicit-hopcroft-karp,sg-oracle::grid::build_conflict_graph + Hopcroft-Karp + Konig cover + indexed completion,424242,6,1,representation-crossover:424242:6:1,1,False,True,3,8.0,success,success,0,valid,,,42731333,41860250,56,56,2956,1,100,48,12,12,24,144,0,0,,,37,,,,12,12,,,0,11708,539209,10166,,6875,,,2208,291,167,224708,28500,31542,871083,,,,,100,48,,,24,144,1,24,27,48,
1,paper-scaling,representation-crossover,exact-cover-oracle,exact-cover-oracle::solve (bitset branch-and-bound; predeclared cell limit),424242,6,1,representation-crossover:424242:6:2,2,False,True,0,8.0,unsupported,unsupported,0,unsupported,foreground cell count 2956 exceeds oracle limit 40,,41437041,,56,56,2956,1,100,48,,,,,,,,,,,,,,,,,0,8875,,,,,,,,,,,,,,,,,,100,48,,,24,144,1,24,27,48,
1,paper-scaling,representation-crossover,explicit-c0-flow,DominanceEmbedding::explicit_graph + C0 edge bicliques + explicit flow construction/execution/cover recovery + indexed completion,424242,6,1,representation-crossover:424242:6:2,2,False,True,1,8.0,success,success,0,valid,,,42236958,41271999,56,56,2956,1,100,48,12,12,24,144,144,288,170,312,37,0,0,0,12,12,170,312,0,8834,535542,8750,3500,5375,64208,8083,18417,875,83,225792,28500,30708,964959,,,,,100,48,,,24,144,1,24,27,48,
1,paper-scaling,representation-crossover,compact-mrd,dominance::biclique::experiment::construct + compressed flow construction/execution/cover recovery + indexed completion,424242,6,1,representation-crossover:424242:6:2,2,False,True,2,8.0,success,success,0,valid,,,42654125,41708083,56,56,2956,1,100,48,12,12,24,,1,24,27,48,37,0,0,0,12,12,,,0,10208,564416,9917,3625,,21875,3833,9208,500,125,238500,30333,34250,946042,,,,,100,48,,,24,144,1,24,27,48,
1,paper-scaling,representation-crossover,explicit-hopcroft-karp,sg-oracle::grid::build_conflict_graph + Hopcroft-Karp + Konig cover + indexed completion,424242,6,1,representation-crossover:424242:6:2,2,False,True,3,8.0,success,success,0,valid,,,43116209,42120084,56,56,2956,1,100,48,12,12,24,144,0,0,,,37,,,,12,12,,,0,9625,610833,10625,,7208,,,2250,459,208,265875,32958,35583,996125,,,,,100,48,,,24,144,1,24,27,48,
1,paper-scaling,representation-crossover,exact-cover-oracle,exact-cover-oracle::solve (bitset branch-and-bound; predeclared cell limit),424242,8,1,representation-crossover:424242:8:0,0,True,False,0,8.0,unsupported,unsupported,0,unsupported,foreground cell count 4596 exceeds oracle limit 40,,42054167,,70,70,4596,1,132,64,,,,,,,,,,,,,,,,,0,9625,,,,,,,,,,,,,,,,,,,,,,,,,,,,
1,paper-scaling,representation-crossover,explicit-c0-flow,DominanceEmbedding::explicit_graph + C0 edge bicliques + explicit flow construction/execution/cover recovery + indexed completion,424242,8,1,representation-crossover:424242:8:0,0,True,False,1,8.0,success,success,0,valid,,,43375459,41731959,70,70,4596,1,132,64,16,16,32,256,256,512,290,544,49,0,0,0,16,16,290,544,0,9875,939167,12292,3750,7875,103917,13125,36584,834,125,372500,44458,54625,1643500,,,,,,,,,,,,,,,
1,paper-scaling,representation-crossover,compact-mrd,dominance::biclique::experiment::construct + compressed flow construction/execution/cover recovery + indexed completion,424242,8,1,representation-crossover:424242:8:0,0,True,False,2,8.0,success,success,0,valid,,,43561000,42106875,70,70,4596,1,132,64,16,16,32,,1,32,35,64,49,0,0,0,16,16,,,0,9875,895000,12125,3959,,23500,3042,10541,625,250,370708,42958,47125,1454125,,,,,,,,,,,,,,,
1,paper-scaling,representation-crossover,explicit-hopcroft-karp,sg-oracle::grid::build_conflict_graph + Hopcroft-Karp + Konig cover + indexed completion,424242,8,1,representation-crossover:424242:8:0,0,True,False,3,8.0,success,success,0,valid,,,43056333,41589541,70,70,4596,1,132,64,16,16,32,256,0,0,,,49,,,,16,16,,,0,9416,940583,10750,,7792,,,2334,458,167,369000,43708,48333,1466792,,,,,,,,,,,,,,,
1,paper-scaling,representation-crossover,exact-cover-oracle,exact-cover-oracle::solve (bitset branch-and-bound; predeclared cell limit),424242,8,1,representation-crossover:424242:8:0,0,False,True,0,8.0,unsupported,unsupported,0,unsupported,foreground cell count 4596 exceeds oracle limit 40,,42769917,,70,70,4596,1,132,64,,,,,,,,,,,,,,,,,0,8625,,,,,,,,,,,,,,,,,,132,64,,,32,256,1,32,35,64,
1,paper-scaling,representation-crossover,explicit-c0-flow,DominanceEmbedding::explicit_graph + C0 edge bicliques + explicit flow construction/execution/cover recovery + indexed completion,424242,8,1,representation-crossover:424242:8:0,0,False,True,1,8.0,success,success,0,valid,,,43753125,42288709,70,70,4596,1,132,64,16,16,32,256,256,512,290,544,49,0,0,0,16,16,290,544,0,8125,835209,9167,3583,6584,94875,13875,27667,709,166,340333,40042,43708,1464416,,,,,132,64,,,32,256,1,32,35,64,
1,paper-scaling,representation-crossover,compact-mrd,dominance::biclique::experiment::construct + compressed flow construction/execution/cover recovery + indexed completion,424242,8,1,representation-crossover:424242:8:0,0,False,True,2,8.0,success,success,0,valid,,,42541875,41195292,70,70,4596,1,132,64,16,16,32,,1,32,35,64,49,0,0,0,16,16,,,0,7667,837375,10667,3625,,20500,3250,8458,750,208,339041,39792,42250,1346583,,,,,132,64,,,32,256,1,32,35,64,
1,paper-scaling,representation-crossover,explicit-hopcroft-karp,sg-oracle::grid::build_conflict_graph + Hopcroft-Karp + Konig cover + indexed completion,424242,8,1,representation-crossover:424242:8:0,0,False,True,3,8.0,success,success,0,valid,,,42189000,40904542,70,70,4596,1,132,64,16,16,32,256,0,0,,,49,,,,16,16,,,0,8083,796375,11458,,7417,,,2083,416,83,340875,40583,43417,1284458,,,,,132,64,,,32,256,1,32,35,64,
1,paper-scaling,representation-crossover,exact-cover-oracle,exact-cover-oracle::solve (bitset branch-and-bound; predeclared cell limit),424242,8,1,representation-crossover:424242:8:1,1,False,True,0,8.0,unsupported,unsupported,0,unsupported,foreground cell count 4596 exceeds oracle limit 40,,41885208,,70,70,4596,1,132,64,,,,,,,,,,,,,,,,,0,7917,,,,,,,,,,,,,,,,,,132,64,,,32,256,1,32,35,64,
1,paper-scaling,representation-crossover,explicit-c0-flow,DominanceEmbedding::explicit_graph + C0 edge bicliques + explicit flow construction/execution/cover recovery + indexed completion,424242,8,1,representation-crossover:424242:8:1,1,False,True,1,8.0,success,success,0,valid,,,43542084,41886043,70,70,4596,1,132,64,16,16,32,256,256,512,290,544,49,0,0,0,16,16,290,544,0,10083,948042,11792,3750,7709,110166,15875,34458,666,125,374333,44333,48000,1656041,,,,,132,64,,,32,256,1,32,35,64,
1,paper-scaling,representation-crossover,compact-mrd,dominance::biclique::experiment::construct + compressed flow construction/execution/cover recovery + indexed completion,424242,8,1,representation-crossover:424242:8:1,1,False,True,2,8.0,success,success,0,valid,,,44468375,42997667,70,70,4596,1,132,64,16,16,32,,1,32,35,64,49,0,0,0,16,16,,,0,9750,912583,11625,3750,,24459,3083,9459,792,125,371833,43750,46584,1470708,,,,,132,64,,,32,256,1,32,35,64,
1,paper-scaling,representation-crossover,explicit-hopcroft-karp,sg-oracle::grid::build_conflict_graph + Hopcroft-Karp + Konig cover + indexed completion,424242,8,1,representation-crossover:424242:8:1,1,False,True,3,8.0,success,success,0,valid,,,44179334,42736792,70,70,4596,1,132,64,16,16,32,256,0,0,,,49,,,,16,16,,,0,9583,912000,11209,,8500,,,2500,417,166,371167,44083,48916,1442542,,,,,132,64,,,32,256,1,32,35,64,
1,paper-scaling,representation-crossover,exact-cover-oracle,exact-cover-oracle::solve (bitset branch-and-bound; predeclared cell limit),424242,8,1,representation-crossover:424242:8:2,2,False,True,0,8.0,unsupported,unsupported,0,unsupported,foreground cell count 4596 exceeds oracle limit 40,,42921208,,70,70,4596,1,132,64,,,,,,,,,,,,,,,,,0,8583,,,,,,,,,,,,,,,,,,132,64,,,32,256,1,32,35,64,
1,paper-scaling,representation-crossover,explicit-c0-flow,DominanceEmbedding::explicit_graph + C0 edge bicliques + explicit flow construction/execution/cover recovery + indexed completion,424242,8,1,representation-crossover:424242:8:2,2,False,True,1,8.0,success,success,0,valid,,,44416917,42835667,70,70,4596,1,132,64,16,16,32,256,256,512,290,544,49,0,0,0,16,16,290,544,0,9333,891000,10958,3583,7250,103959,13125,32209,1000,334,368458,44333,47793,1581250,,,,,132,64,,,32,256,1,32,35,64,
1,paper-scaling,representation-crossover,compact-mrd,dominance::biclique::experiment::construct + compressed flow construction/execution/cover recovery + indexed completion,424242,8,1,representation-crossover:424242:8:2,2,False,True,2,8.0,success,success,0,valid,,,44004084,42488417,70,70,4596,1,132,64,16,16,32,,1,32,35,64,49,0,0,0,16,16,,,0,8709,931708,10625,3792,,24208,3292,9583,666,83,392583,45667,48500,1515667,,,,,132,64,,,32,256,1,32,35,64,
1,paper-scaling,representation-crossover,explicit-hopcroft-karp,sg-oracle::grid::build_conflict_graph + Hopcroft-Karp + Konig cover + indexed completion,424242,8,1,representation-crossover:424242:8:2,2,False,True,3,8.0,success,success,0,valid,,,43808167,42425042,70,70,4596,1,132,64,16,16,32,256,0,0,,,49,,,,16,16,,,0,9958,875667,10917,,8084,,,2209,375,250,356417,42292,44958,1383125,,,,,132,64,,,32,256,1,32,35,64,
1,paper-scaling,representation-crossover,exact-cover-oracle,exact-cover-oracle::solve (bitset branch-and-bound; predeclared cell limit),424242,10,1,representation-crossover:424242:10:0,0,True,False,0,8.0,unsupported,unsupported,0,unsupported,foreground cell count 6596 exceeds oracle limit 40,,43155791,,84,84,6596,1,164,80,,,,,,,,,,,,,,,,,0,8708,,,,,,,,,,,,,,,,,,,,,,,,,,,,
1,paper-scaling,representation-crossover,explicit-c0-flow,DominanceEmbedding::explicit_graph + C0 edge bicliques + explicit flow construction/execution/cover recovery + indexed completion,424242,10,1,representation-crossover:424242:10:0,0,True,False,1,8.0,success,success,0,valid,,,45427750,43160417,84,84,6596,1,164,80,20,20,40,400,400,800,442,840,61,0,0,0,20,20,442,840,0,10084,1285250,13792,4291,10333,162084,21500,41458,1083,208,525542,57917,62708,2267333,,,,,,,,,,,,,,,
1,paper-scaling,representation-crossover,compact-mrd,dominance::biclique::experiment::construct + compressed flow construction/execution/cover recovery + indexed completion,424242,10,1,representation-crossover:424242:10:0,0,True,False,2,8.0,success,success,0,valid,,,45589125,43574916,84,84,6596,1,164,80,20,20,40,,1,40,43,80,61,0,0,0,20,20,,,0,8417,1243792,13000,4125,,25291,4167,11500,583,83,527542,59417,62250,2014209,,,,,,,,,,,,,,,
1,paper-scaling,representation-crossover,explicit-hopcroft-karp,sg-oracle::grid::build_conflict_graph + Hopcroft-Karp + Konig cover + indexed completion,424242,10,1,representation-crossover:424242:10:0,0,True,False,3,8.0,success,success,0,valid,,,44552833,42701333,84,84,6596,1,164,80,20,20,40,400,0,0,,,61,,,,20,20,,,0,8042,1174416,12042,,11625,,,2375,459,83,481875,54042,57250,1851500,,,,,,,,,,,,,,,
1,paper-scaling,representation-crossover,exact-cover-oracle,exact-cover-oracle::solve (bitset branch-and-bound; predeclared cell limit),424242,10,1,representation-crossover:424242:10:0,0,False,True,0,8.0,unsupported,unsupported,0,unsupported,foreground cell count 6596 exceeds oracle limit 40,,43966000,,84,84,6596,1,164,80,,,,,,,,,,,,,,,,,0,8458,,,,,,,,,,,,,,,,,,164,80,,,40,400,1,40,43,80,
1,paper-scaling,representation-crossover,explicit-c0-flow,DominanceEmbedding::explicit_graph + C0 edge bicliques + explicit flow construction/execution/cover recovery + indexed completion,424242,10,1,representation-crossover:424242:10:0,0,False,True,1,8.0,success,success,0,valid,,,46105125,43855583,84,84,6596,1,164,80,20,20,40,400,400,800,442,840,61,0,0,0,20,20,442,840,0,8667,1253208,12459,4083,10000,164917,23167,50875,1167,83,525166,60042,64459,2249542,,,,,164,80,,,40,400,1,40,43,80,
1,paper-scaling,representation-crossover,compact-mrd,dominance::biclique::experiment::construct + compressed flow construction/execution/cover recovery + indexed completion,424242,10,1,representation-crossover:424242:10:0,0,False,True,2,8.0,success,success,0,valid,,,44502875,42489375,84,84,6596,1,164,80,20,20,40,,1,40,43,80,61,0,0,0,20,20,,,0,9000,1239750,13708,4167,,25208,3542,10500,541,167,530791,59209,63332,2013500,,,,,164,80,,,40,400,1,40,43,80,
1,paper-scaling,representation-crossover,explicit-hopcroft-karp,sg-oracle::grid::build_conflict_graph + Hopcroft-Karp + Konig cover + indexed completion,424242,10,1,representation-crossover:424242:10:0,0,False,True,3,8.0,success,success,0,valid,,,45982875,44119917,84,84,6596,1,164,80,20,20,40,400,0,0,,,61,,,,20,20,,,0,9625,1178959,12333,,11083,,,2459,500,84,482917,54583,60501,1862958,,,,,164,80,,,40,400,1,40,43,80,
1,paper-scaling,representation-crossover,exact-cover-oracle,exact-cover-oracle::solve (bitset branch-and-bound; predeclared cell limit),424242,10,1,representation-crossover:424242:10:1,1,False,True,0,8.0,unsupported,unsupported,0,unsupported,foreground cell count 6596 exceeds oracle limit 40,,43556125,,84,84,6596,1,164,80,,,,,,,,,,,,,,,,,0,9958,,,,,,,,,,,,,,,,,,164,80,,,40,400,1,40,43,80,
1,paper-scaling,representation-crossover,explicit-c0-flow,DominanceEmbedding::explicit_graph + C0 edge bicliques + explicit flow construction/execution/cover recovery + indexed completion,424242,10,1,representation-crossover:424242:10:1,1,False,True,1,8.0,success,success,0,valid,,,44276125,41998458,84,84,6596,1,164,80,20,20,40,400,400,800,442,840,61,0,0,0,20,20,442,840,0,9417,1303083,12625,3875,11334,159958,19750,42209,1209,84,519666,58375,62792,2277667,,,,,164,80,,,40,400,1,40,43,80,
1,paper-scaling,representation-crossover,compact-mrd,dominance::biclique::experiment::construct + compressed flow construction/execution/cover recovery + indexed completion,424242,10,1,representation-crossover:424242:10:1,1,False,True,2,8.0,success,success,0,valid,,,46158083,44107708,84,84,6596,1,164,80,20,20,40,,1,40,43,80,61,0,0,0,20,20,,,0,10500,1284250,13791,3917,,26708,3209,11959,667,83,520167,59750,61208,2050375,,,,,164,80,,,40,400,1,40,43,80,
1,paper-scaling,representation-crossover,explicit-hopcroft-karp,sg-oracle::grid::build_conflict_graph + Hopcroft-Karp + Konig cover + indexed completion,424242,10,1,representation-crossover:424242:10:1,1,False,True,3,8.0,success,success,0,valid,,,47019166,44985125,84,84,6596,1,164,80,20,20,40,400,0,0,,,61,,,,20,20,,,0,9458,1267084,13292,,10666,,,2459,500,250,547667,61375,66792,2034041,,,,,164,80,,,40,400,1,40,43,80,
1,paper-scaling,representation-crossover,exact-cover-oracle,exact-cover-oracle::solve (bitset branch-and-bound; predeclared cell limit),424242,10,1,representation-crossover:424242:10:2,2,False,True,0,8.0,unsupported,unsupported,0,unsupported,foreground cell count 6596 exceeds oracle limit 40,,42810625,,84,84,6596,1,164,80,,,,,,,,,,,,,,,,,0,8500,,,,,,,,,,,,,,,,,,164,80,,,40,400,1,40,43,80,
1,paper-scaling,representation-crossover,explicit-c0-flow,DominanceEmbedding::explicit_graph + C0 edge bicliques + explicit flow construction/execution/cover recovery + indexed completion,424242,10,1,representation-crossover:424242:10:2,2,False,True,1,8.0,success,success,0,valid,,,45910250,43641583,84,84,6596,1,164,80,20,20,40,400,400,800,442,840,61,0,0,0,20,20,442,840,0,9917,1296250,13541,3959,9667,157583,20167,40958,1333,125,520375,59334,65083,2268667,,,,,164,80,,,40,400,1,40,43,80,
1,paper-scaling,representation-crossover,compact-mrd,dominance::biclique::experiment::construct + compressed flow construction/execution/cover recovery + indexed completion,424242,10,1,representation-crossover:424242:10:2,2,False,True,2,8.0,success,success,0,valid,,,44832125,42919250,84,84,6596,1,164,80,20,20,40,,1,40,43,80,61,0,0,0,20,20,,,0,10084,1194500,11916,3667,,24833,3041,10667,625,167,488834,55083,58875,1912875,,,,,164,80,,,40,400,1,40,43,80,
1,paper-scaling,representation-crossover,explicit-hopcroft-karp,sg-oracle::grid::build_conflict_graph + Hopcroft-Karp + Konig cover + indexed completion,424242,10,1,representation-crossover:424242:10:2,2,False,True,3,8.0,success,success,0,valid,,,45245292,43236292,84,84,6596,1,164,80,20,20,40,400,0,0,,,61,,,,20,20,,,0,10667,1281208,12750,,9791,,,2542,500,208,520125,59250,62375,2009000,,,,,164,80,,,40,400,1,40,43,80,
